:020000040800F2
:100000000050002041910008093500080B35000818
:100010000D3500080F3500081135000800000000FC
:1000200000000000000000000000000071760008E1
:100030001335000800000000117700082172000845
:100040008991000889910008899100088991000828
:100050008991000889910008899100088991000818
:100060008991000889910008899100088991000808
:1000700089910008899100088991000889910008F8
:1000800089910008899100088991000889910008E8
:1000900015350008899100088991000889910008A8
:1000A00089910008899100088991000889910008C8
:1000B0008991000889910008253500088991000878
:1000C00089910008899100088991000889910008A8
:1000D0008991000889910008899100088991000898
:1000E00089910008899100088991000800000000AA
:1000F0000000000000000000000000000000000000
:0C01000000000000000000005FF808F1A3
:1001100080F0004002E000BF81F0004142001FBFBC
:100120005FEA410392EA030F7FEA226C7FEA236CC5
:100130006AD04FEA1262D2EB1363C1BFD2184140BA
:1001400048404140B8BF5B42192B88BF704710F050
:10015000004F40F4000020F07F4018BF404211F0F3
:10016000004F41F4000121F07F4118BF494292EA5B
:10017000030F3FD0A2F1010241FA03FC10EB0C0087
:10018000C3F1200301FA03F100F0004302D5494214
:1001900060EB4000B0F5000F13D3B0F1807F06D3C1
:1001A00040084FEA310102F10102FE2A51D2B1F1B9
:1001B000004F40EBC25008BF20F0010040EA0300AE
:1001C0007047490040EB0000013A28BFB0F5000F2E
:1001D000EDD2B0FA80FCACF1080CB2EB0C0200FAE4
:1001E0000CF0AABF00EBC25052421843BCBFD04033
:1001F0001843704792F0000F81F4000106BF80F4AD
:1002000000000132013BB5E74FEA41037FEA226C6F
:1002100018BF7FEA236C21D092EA030F04D092F03A
:10022000000F08BF0846704790EA010F1CBF00206E
:10023000704712F07F4F04D1400028BF40F00040CB
:10024000704712F100723CBF00F50000704700F0EB
:10025000004343F0FE4040F4000070477FEA226212
:1002600016BF08467FEA23630146420206BF5FEAE3
:10027000412390EA010F40F4800070474FF00003E3
:1002800004E000BF10F0004348BF40425FEA000CAA
:1002900008BF704743F0964301464FF000001CE052
:1002A00050EA010208BF70474FF000030AE000BFA8
:1002B00050EA010208BF704711F0004302D54042E6
:1002C00061EB41015FEA010C02BF84460146002058
:1002D00043F0B64308BFA3F18053A3F50003BCFA73
:1002E0008CF2083AA3EBC25310DB01FA02FC634420
:1002F00000FA02FCC2F12002BCF1004F20FA02F227
:1003000043EB020008BF20F00100704702F1200219
:1003100001FA02FCC2F1200250EA4C0021FA02F27A
:1003200043EB020008BF20EADC7070474FF0FF0C7F
:100330001CEAD0521EBF1CEAD15392EA0C0F93EA7A
:100340000C0F6FD01A4480EA010C400218BF5FEA1C
:1003500041211ED04FF0006343EA501043EA51118F
:10036000A0FB01310CF00040B1F5000F3EBF490089
:1003700041EAD3715B0040EA010062F17F02FD2A8D
:100380001DD8B3F1004F40EBC25008BF20F0010070
:10039000704790F0000F0CF0004C08BF49024CEA87
:1003A000502040EA51207F3AC2BFD2F1FF0340EA19
:1003B000C250704740F400004FF00003013A5DDC8A
:1003C00012F1190FDCBF00F000407047C2F10002CB
:1003D000410021FA02F1C2F1200200FA02FC5FEAB8
:1003E000310040F1000053EA4C0308BF20EADC7002
:1003F000704792F0000F00F0004C02BF400010F474
:10040000000F013AF9D040EA0C0093F0000F01F020
:10041000004C02BF490011F4000F013BF9D041EA42
:100420000C018FE70CEAD15392EA0C0F18BF93EA44
:100430000C0F0AD030F0004C18BF31F0004CD8D16E
:1004400080EA010000F00040704790F0000F17BFF5
:1004500090F0004F084691F0000F91F0004F14D03B
:1004600092EA0C0F01D142020FD193EA0C0F03D193
:100470004B0218BF084608D180EA010000F0004096
:1004800040F0FE4040F40000704740F0FE4040F471
:10049000400070474FF0FF0C1CEAD0521EBF1CEA10
:1004A000D15392EA0C0F93EA0C0F69D0A2EB03022E
:1004B00080EA010C49024FEA402037D04FF08053C8
:1004C00043EA111143EA10130CF000408B4238BF8D
:1004D0005B0042F17D024FF4000C8B4224BF5B1A9B
:1004E00040EA0C00B3EB510F24BFA3EB510340EAE9
:1004F0005C00B3EB910F24BFA3EB910340EA9C0097
:10050000B3EBD10F24BFA3EBD10340EADC001B0106
:1005100018BF5FEA1C1CE0D1FD2A3FF650AF8B42AA
:1005200040EBC25008BF20F0010070470CF0004CB7
:100530004CEA50207F32C2BFD2F1FF0340EAC250E2
:10054000704740F400004FF00003013A37E792F0A3
:10055000000F00F0004C02BF400010F4000F013A01
:10056000F9D040EA0C0093F0000F01F0004C02BFFC
:10057000490011F4000F013BF9D041EA0C0195E765
:100580000CEAD15392EA0C0F08D142027FF47DAFFE
:1005900093EA0C0F7FF470AF084676E793EA0C0FEE
:1005A00004D14B023FF44CAF08466EE730F0004CEC
:1005B00018BF31F0004CCAD130F000427FF45CAF7C
:1005C00031F000437FF43CAF5FE700BF4FF0FF3CEA
:1005D00006E000BF4FF0010C02E000BF4FF0010C3D
:1005E0004DF804CD4FEA40024FEA41037FEA226C06
:1005F00018BF7FEA236C11D001B052EA530C18BF28
:1006000090EA010F58BFB2EB030088BFC81738BF8C
:100610006FEAE17018BF40F0010070477FEA226C7A
:1006200002D15FEA402C05D17FEA236CE4D15FEA76
:10063000412CE1D05DF8040B704700BF84460846AA
:100640006146FFE70FB5FFF7C9FF002848BF10F16B
:10065000000F0FBD4DF808EDFFF7F4FF0CBF0120B0
:1006600000205DF808FB00BF4DF808EDFFF7EAFF3A
:1006700034BF012000205DF808FB00BF4DF808EDF5
:10068000FFF7E0FF94BF012000205DF808FB00BFEA
:100690004DF808EDFFF7D2FF94BF012000205DF870
:1006A00008FB00BF4DF808EDFFF7C8FF34BF01207D
:1006B00000205DF808FB00BF4FEA40024FEA41030B
:1006C0007FEA226C02D15FEA402C08D17FEA236CDA
:1006D00002D15FEA412C02D14FF0000070474FF089
:1006E000010070474FEA4002B2F1FE4F0FD34FF0C6
:1006F0009E03B3EB12620DD94FEA002343F000438F
:1007000010F0004F23FA02F018BF404270474FF03C
:100710000000704712F1610F01D1420205D110F0C3
:10072000004008BF6FF0004070474FF00000704776
:1007300042000ED2B2F1FE4F0BD34FF09E03B3EB4B
:10074000126209D44FEA002343F0004323FA02F077
:1007500070474FF00000704712F1610F01D1420263
:1007600002D14FF0FF3070474FF00000704700BFDC
:10077000034613F8012B002AFBD1181A01387047E1
:100780000348044B834202D0034B03B11847704720
:10079000D0010020D0010020000000000548064BD9
:1007A0001B1AD90F01EBA301491002D0034B03B16F
:1007B00018477047D0010020D00100200000000041
:1007C00010B5064C237843B9FFF7DAFF044B13B199
:1007D0000448AFF300800123237010BDD001002036
:1007E000000000004CBC000808B5054B1BB10549D2
:1007F0000548AFF30080BDE80840FFF7CFBF00BF5A
:1008000000000000D40100204CBC000810B50446D4
:1008100008E004F80E0092F800C00CF1010C82F818
:1008200000C00133187838B192F800E001F1FF3CC4
:100830005FFA8CFCE645ECD313780022E25410BD3D
:1008400010B584B08C4696461946D3B930238DF83E
:100850000430012211E0194BA3FB0143DB081C46C5
:1008600003EB8303A1EB4303303302F1100169442E
:1008700001F80C3C0132D2B2214689B1092AEAD9E9
:100880000EE00022F9E7013AD2B202F110036B4404
:1008900013F80C3C43549EF8003001338EF80030BE
:1008A00032B19EF800100CF1FF33DBB29942EAD36B
:1008B0009EF800300022C25404B010BDCDCCCCCC88
:1008C0000023034A1370034A1370034A13707047DE
:1008D000E4020020E3020020E802002000B5114BF2
:1008E00093F800E0BEF12E0F1BD8734606E05A1EA7
:1008F0000D4911F802C001F803C0D3B20B4A1278B7
:100900009A42F4D3084B98540EF1010E5FFA8EFE12
:10091000044981F800E0013204490A70002203F81A
:100920000E2000BDE4020020E8020020E3020020C7
:1009300010B5044602E0FFF7D1FF0134207800280B
:10094000F9D110BD0D4B1B78BBB1013B5FFA83FCA5
:10095000624604E0531C0A49C85C8854DAB2094B69
:100960001B78013BDBB29342F4D8064A1370034A6A
:1009700082F800C0024A0021D1547047E3020020EF
:10098000E8020020E402002008B50023074A1370A3
:10099000074A1370074A0021116051609160064AAE
:1009A0001370064A1370FFF78BFF08BDD9020020B1
:1009B000D8020020CC020020B8020020A4020020AF
:1009C00008B50023054A1370054A13700023054A31
:1009D0001360054A1360FFF773FF08BDA1020020F2
:1009E000A00200209C020020980200200B4B1A88D5
:1009F00092B20B4B1B889BB29A420DD0074A1388C8
:100A00009BB20849CB5C037013889BB2013303F09F
:100A10007F031380012070470020704712020020DE
:100A20001402002018020020002111E001EB011047
:100A30000C4A02442020D0540133DBB20F2BF5D9ED
:100A400001EB0112074B134400221A740131C9B2A1
:100A5000012901D80023F1E70023034A1370034A58
:100A600013707047F0010020EF010020EE0100201C
:100A7000002307E00849CA18507CC854202151744B
:100A80000133DBB20F2BF5D9044B01221A70044B52
:100A900000221A70704700BFF0010020EF01002013
:100AA000EE01002008B5064B1B7833B9044B012238
:100AB0001A70044B00221A7008BDFFF7D9FFFBE73C
:100AC000EF010020EE0100201F281BD908B50E4BB6
:100AD0001978DFF838C09CF8003001EB011E0C4A91
:100AE0007244D0540133DBB28CF800300F2B05D99F
:100AF00029B9054B01221A708CF8001008BDFFF7C8
:100B0000B7FFFBE7704700BFEF010020EE010020B8
:100B1000F001002030B58BB02522002168460BF093
:100B20002FF81B4CEC46A646BEE80F00ACE80F00C1
:100B3000DEF800308CF80030D4F81100D4F815102D
:100B4000D4F81920D4F81D30CDF81100CDF81510C7
:100B5000CDF81920CDF81D3094F821308DF82130D2
:100B600001238DF822300B4B1B788DF823300A4B74
:100B70001B780F2B28BF0F238DF8243000231A4633
:100B800069460648006806F04EFC0BB030BD00BF59
:100B9000F0010020EF010020EE010020D40600202B
:100BA00000B583B004E0FFF77DFF0F4B01221A7000
:100BB0000DF10700FFF71AFF40B19DF807000A2862
:100BC000F1D00D28F1D0FFF77FFFEEE7074B1B7840
:100BD00013B1054B1B780BB903B000BD024B187065
:100BE000FFF798FFF8E700BFEC010020ED010020BF
:100BF00008B5094B1B781BB1074B00221A7008BDC2
:100C0000FFF712FF044B01221A70044B00221A70E6
:100C1000FFF780FFF3E700BFED010020EC010020AB
:100C20002DE9F04106460F469046002414702546F3
:100C300014E088F800501DE0042373550135EDB22F
:100C40001C44E4B20AE0782B2FD10623735501E04F
:100C5000022373550135EDB20134E4B21A4B1B780F
:100C6000A34224D97A1ED2B2AA4220D9174A1278B6
:100C7000A242DED01B1BDBB2032B07D9042214498E
:100C8000144820440AF084FF0028D5D0114B1B5D86
:100C9000702B07D0D7D82A2BDAD02F2B05D10323DE
:100CA0007355D7E701237355D4E77355D2E7074B44
:100CB0001B78A34204D0002373552846BDE8F08179
:100CC00088F80050F7E700BFE4020020E3020020AC
:100CD00064BC0008E802002030B58FB005460C4621
:100CE0000DF10702302102A8FFF79AFFC4F1100EA0
:100CF0005FFA8EFEC4F10F02D2B29DF807309A421D
:100D00000BD2A4F1100203EB020C5FFA8CFC0CF185
:100D1000010C5FFA8CFC234606E04FF0000CFAE76A
:100D20002022EA540133DBB20F2BF9D9002301E072
:100D30000133DBB273450CD20CEB0302D2B290420A
:100D4000F6D91919C9B238326A4412F8302C6A54EB
:100D5000EEE700232B749DF80730E018C0B2A0EB3B
:100D60000C00C0B20FB030BD00B58BB02522002101
:100D700068460AF005FF1D4B1B78012B31D966230D
:100D80008DF800303D238DF8013002216846FFF7D1
:100D9000A3FF8DF82400164B03CBCDF81100CDF83E
:100DA000151000238DF81930124B1B7843B1202306
:100DB0008DF8193005238DF81A3000238DF81B307B
:100DC0000D4B1B7883B901238DF8223000228DF85A
:100DD0002320134669460948006806F024FB0BB03F
:100DE00000BD6133DBB2CBE70023EDE7A1020020B9
:100DF0006CBC0008E2020020A0020020D406002003
:100E000008B5074B1B781BB1054B00221A7008BDB3
:100E1000034B01221A70FFF7D3FDFFF7A5FFF6E79A
:100E2000A202002010B58AB02522002168460AF0EF
:100E3000A7FE00216846FFF74FFF0346264A1268C7
:100E4000F2B1264A1278CAB9254A11889278ADF8CB
:100E500011108DF8132000228DF8142001228DF836
:100E6000222000228DF823208DF824301346694675
:100E70001C48006806F0D7FA0AB010BD1A4AE4E729
:100E80001A4A03CACDF81100CDF815101288ADF832
:100E90001920174A1278EAB120228DF81B2043222C
:100EA0008DF81C200C221349097869B102F1280140
:100EB0006944202001F8170C02F12901694405203A
:100EC00001F8170C0232D2B228326A44002102F82B
:100ED000171CC3E70A22E6E7DC020020E00200203C
:100EE00078BC0008D40600207CBC000880BC000848
:100EF000E1020020E20200202DE9F0470746894682
:100F00009246002425460CE00322354930460AF07B
:100F10003FFE00BB732309F804300134E4B203350B
:100F2000EDB27E1917F80580B8F1000F52D00AF122
:100F3000FF33DBB2A3424DD904222A4930460AF0DE
:100F400027FE0028E0D1712309F804300134E4B20F
:100F50000435EDB2E5E70322234930460AF018FED6
:100F600038B9632309F804300134E4B20335EDB233
:100F7000D7E703221D4930460AF00AFE38B9742328
:100F800009F804300134E4B20335EDB2C9E70322B5
:100F9000174930460AF0FCFD38B96C2309F80430D3
:100FA0000134E4B20335EDB2BBE702221149304609
:100FB0000AF0EEFD38B96E2309F804300134E4B2CA
:100FC0000235EDB2ADE709F804800134E4B2013531
:100FD000EDB2A6E7002309F80430BDE8F08700BFB2
:100FE0008CBC000864BC000890BC000894BC0008DD
:100FF00098BC00089CBC000830B591B0154B1C781B
:1010000014B9204611B030BD054604AC302221464B
:101010001148FFF771FF0023029303930F4B02AABD
:1010200001925A6800921B6800220D4909782046F7
:1010300001F096FD044658B9039820F00040094994
:10104000FFF730FB0028DCD1029B2B600124D8E79E
:101050000024D6E7E4020020E80200201803002064
:10106000E0020020BD37863538B504460D460846F7
:10107000FFF77EFBC0B2102804D8C0F11002D2B234
:10108000002306E000221020FAE72021E15401337A
:10109000DBB29A42F9D8002306E0D11815F803C054
:1010A00004F801C00133DBB29842F6D80023237460
:1010B00038BD000000B58BB02522002168460AF03B
:1010C0005FFD224B1B78A3B121496846FFF7CCFF97
:1010D00020490DF11100FFF7C7FF00238DF82230E2
:1010E00000231A4669461C48006806F09CF90BB0BC
:1010F00000BD1A4B1B7861338DF800303D238DF80D
:10110000013002216846FFF7E7FD8DF82400144BFB
:1011100003CBCDF81100CDF815101B88ADF81930B0
:1011200000238DF81B300F4B1B7843B120238DF823
:101130001B3005238DF81C3000238DF81D30012352
:101140008DF8223000238DF82330C9E7D802002023
:10115000B8020020A4020020D4060020D9020020FA
:10116000A0BC0008E202002030B58BB00546252265
:10117000002168460AF004FD00216846FFF7ACFD37
:1011800029460DF11100FFF76FFF00228DF8222094
:10119000134669460248006806F045F90BB030BDB9
:1011A000D40600202DE9F04182B006460F461546D0
:1011B0002B491846FFF7BAF808F060FCFFF7B8FAB9
:1011C000284BA3FB00235B0B42F2107202FB1308B7
:1011D0002A4639463046FFF733FB0022144613E017
:1011E000214BA3FB0813DB08194603EB8303A8EB91
:1011F0004303303304F10800684400F8043C013430
:10120000E4B288460132D2B2032AE9D901E0013CB6
:10121000E4B22CB1E31D6B4413F8043C302BF6D040
:1012200014B902B0BDE8F081104B2A463946304669
:10123000FFF7ECFA0AE0013CE4B204F108036B4466
:1012400013F8043CB3542B7801332B7024B12A7863
:101250007B1EDBB29A42EED32B780022F254E0E7F9
:1012600000401C465917B7D1CDCCCCCCACBC000843
:10127000F0B583B007460E46144600238DF80730BC
:1012800011461046FFF7E6F920B346492046FFF71E
:1012900009FA40BB44492046FFF7E6F958BB002154
:1012A0002046FFF7E1F970BB40492046FFF7DCF923
:1012B00078BB00253E492046FFF7EAF9002853D0C5
:1012C000252D51D83A492046FFF7E4F80446013568
:1012D000EDB2EFE7374B0DF1070231463846FFF725
:1012E00095FA03B0F0BD344B0DF107023146384694
:1012F000FFF78CFAF5E7314B0DF10702314638461E
:10130000FFF784FAEDE72E492046FFF7CBF990B1BD
:101310000024204608F0B2FB2146FFF79BF9A0B15C
:101320002046FFF705FA03460DF10702314638461D
:10133000FFF786FAD5E7234B0DF107023146384611
:10134000FFF764FA04F10044AEE723460DF107020B
:1013500031463846FFF726FFC3E715492046FEF71A
:10136000E5FF0446013DEDB24FF07E512046FFF708
:101370007BF908B1002DF0D123460DF1070231466B
:101380003846FFF70FFF104B0DF107023146384684
:10139000FFF73CFA2B460DF1070231463846FFF7BE
:1013A0004FFA9EE79976967E997696FE286B6E4E5A
:1013B00000002041B0BC0008B4BC0008B8BC000864
:1013C00017B751B8C0BC0008CCBD000870B584B0D8
:1013D00004460D46CDE90023019E26F00040204939
:1013E000FFF760F930B9009A29462046FFF740FF21
:1013F00004B070BD00238DF80F302370009A294689
:101400002046FFF735FF2046FFF7B2F9C0B28DF84E
:101410000F006B1EDBB2984204D200213046FFF76A
:1014200037F9A0B99DF80F00291A3246C9B22044F5
:10143000FFF71EFF2046FFF79BF98DF80F00094BC1
:101440000DF10F0229462046FFF7E0F9D0E7064BE1
:101450000DF10F0229462046FFF7D8F9E2E700BF59
:10146000BD378635C8BC0008C4BC000800B587B0CD
:10147000114802AB009304AB82684168006801F038
:1014800006FC70B906AB13E90C0011210B48FFF7FD
:101490009DFF02AB0CCB11210948FFF797FF07B066
:1014A00000BD1022074905480AF084FB0023034AC7
:1014B0001374034A1370F2E7CC020020B802002034
:1014C000A4020020CCBC000810B504460F4BB3F8B2
:1014D00000E01FFA8EFE002206E014F802C00C485D
:1014E00000F80EC001329E468A420AD20EF1010374
:1014F00003F07F030748B0F800C01FFA8CFC9C453E
:10150000EBD1024BA3F800E010BD00BF1402002095
:10151000180200201202002008B5194A01210820F3
:1015200005F032FF174B1860174A3C21022005F0E6
:101530002BFF164B1860164A2521022005F024FFC8
:10154000144B18600023144A1370144A1370144A81
:101550001370144A1360144A1370144A1370144A17
:101560001370144A1370144A1380144A1380FFF73F
:101570005BFAFFF709FAFFF723FAFFF7A1F908BDB5
:1015800000BE0008DC060020E8BD0008D8060020E8
:10159000D0BD0008D4060020E0020020E1020020B7
:1015A000E2020020DC020020DA020020A202002079
:1015B000ED010020EC0100201402002012020020A6
:1015C00010B5002408E04FF40051074802F098F9E4
:1015D00000240A2005F0CBFEFFF7E2FA0134A4B2A2
:1015E000312CF0D8F5E700BF0010014030B583B0D2
:1015F00001F078FD154807F0D5FF154808F028F8E8
:10160000002503E00A2005F0B2FE254601F070FD3A
:1016100001460E4C204607F0D2FF216A0C4808F024
:1016200025F804460028EDD0002DEBD101F096FD01
:101630008DF807001D28E5D82B462A460DF1070135
:101640000448006805F0EFFEDCE700BFA8060020B4
:1016500020030020DC06002000B591B0FFF7E2FB7C
:101660008DE0814B1B78002B00F0E2809DF83F302D
:101670001B2B52D0002B5DD07C4A12787AB11D2BE7
:101680007DD0042B7BD00D2B79D0012B77D00E2B66
:1016900075D0072B73D0092B71D0FFF791F99DF806
:1016A0003F300D2B00F0A6805CD8072B00F0A58002
:1016B0004CD8012B00F09E80042B40F0A6806C4B90
:1016C0001B78012B7FD96B4B1B78002B52D03C220F
:1016D000002168460AF054FA302269466648FFF74E
:1016E0000BFC664B1B788DF8303000228DF83120D2
:1016F00001238DF83230624B1B680D93614B1B68E0
:101700000E93134669466048006805F08CFE002879
:1017100030D1564B01221A702CE05C4A1278002A14
:10172000A8D05A4A1070504A1070FFF749F9FFF7D5
:1017300079FB24E0554A127802B90123534A137009
:101740004A4B1B78DBB9FFF70FFB18E0092B5CD184
:101750004F4B1B78474A127893420BD201334C4AC5
:10176000137007E01C2B26D01D2BA8D00E2B4CD1BC
:10177000FFF7A6F8454B00221A70FFF7F5FA14237D
:1017800000220DF13F014348006805F08DFE00285E
:101790003FF467AF404B1B68002BF0D005F07CFD99
:1017A0003D4B1B68C01A0028E9DB3B4B00221A6046
:1017B000FFF738FBE3E72E4B1B78012BDAD97820B3
:1017C000FFF78CF8D6E7002300936846FFF714FC78
:1017D0000028CFD0264B1B7843B9294A00991160C5
:1017E0000133234A1370FFF76BF8C3E7254A0099CA
:1017F0001160F5E7FFF7A6F8BCE7254B1B78002B37
:10180000B8D0013B224A1370B4E71D2BB2D81F4A4F
:10181000127832B1214A52F8230010B1FFF788F84C
:10182000A8E71F4AD05C0028A4D0FFF757F8A1E72B
:101830001C4B1B78002B37D09DF83F30192B02D161
:10184000124A127842B9002B99D1104A127802B983
:1018500001230E4A137092E700230C4A1370114AB9
:101860001370FFF7DFFA8AE7A2020020A00200202F
:10187000A1020020E4020020E8020020E002002093
:101880009C02002098020020D8060020E2020020DE
:10189000E3020020DC060020DC020020CCBE0008B1
:1018A00084BF0008ED010020914B1A78002A00F057
:1018B00094809DF83F301A2B34D0002B40D08D4AB5
:1018C0001278B2B11D2B3FF45AAF042B3FF457AF3F
:1018D0000D2B3FF454AF012B3FF451AF0E2B3FF4CF
:1018E0004EAF072B3FF44BAF092B3FF448AFFFF748
:1018F0004BF89DF83F30092B5ED02AD8042B31D00D
:10190000072B51D0012B2AD01D2B47D87A4A1278A9
:10191000002A5BD0794A52F82300002856D0FFF7FE
:1019200007F83BE0744A1278002AC6D00023724AB6
:1019300013706F4A1370FFF727F8FFF773FA1EE76B
:101940006D4A127802B901236B4A1370FFF7B2FB9C
:1019500015E70E2B20D01D2B04D00D2BD4D1FEF774
:10196000F1FF1BE0002300936846FFF745FBA8B199
:1019700063480378634A009942F823100133044610
:101980000370FEF79DFF2378022B07D9FFF76EFD4A
:10199000584B01221A7001E0FEF792FF564B0022CD
:1019A0001A70FFF787FBEAE6574B1B78002BF5D040
:1019B000013B554A1370F1E7534B1B78534A127899
:1019C0009342EBD20133504A1370E7E7504AD05CA0
:1019D0000028E3D0FEF782FFE0E79DF83F300D2BB3
:1019E00055D017D91A2B00F0B58038D91C2B5ED0F2
:1019F0001D2B76D01B2B40F0CF803F4A1278002A57
:101A000040F0C480424AD05CFEF768FF3A4B0022A7
:101A10001A700FE0042B64D00FD8012B37D0022BA3
:101A200055D0002B40F0B880334A127802B9012318
:101A3000314A1370FFF7F6F9A1E6072B2DD0092BD9
:101A400040F0AA80304B1B78304A1278934202D281
:101A500001332D4A1370284B00221A70EAE70E2B2F
:101A60000FD0192B40F09880234A1278002A40F0BA
:101A70008780274AD05CFEF731FF1F4B00221A7087
:101A8000D8E7FEF71DFF1C4B00221A70D2E7FEF7C5
:101A900059FF194B00221A70CCE71B4B1B7813B16E
:101AA000013B194A1370144B00221A70C2E7194AFD
:101AB0001378B3FA83F35B09137005F0EDFB00F5BF
:101AC0006170154A10600C4B00221A70B2E7134B7C
:101AD0001B7803B90122114B1A70074B00221A70B0
:101AE000A8E70A4B1B78DBB9034B00221A70A1E769
:101AF000DA020020D8020020E2020020CCBE00085A
:101B0000D9020020CC020020E3020020E4020020E1
:101B100084BF0008E0020020DC020020E102002077
:101B20003C22002168460AF02BF8302269462648FC
:101B3000FFF7E2F9254B1B788DF83030244B1B78EA
:101B40008DF8313000231A4669462248006805F0B6
:101B50006AFCC9E7204A12783AB9204AD05CFEF7FD
:101B6000BDFE1D4B00221A7064E71B4B00221A7049
:101B70001B4B01221A70FEF707FFFFF79BFAFEE5E9
:101B8000154B00221A70FFF733F8F8E5124B0022CC
:101B90001A70FFF735F9F2E51D2B3FF64BAF0E4AF1
:101BA000127832B10F4A52F8230028B1FEF7C0FE76
:101BB00002E00A4AD05C18B9074B00221A7039E7D4
:101BC000FEF78CFEF8E700BFE8020020E0020020EC
:101BD000E1020020D8060020E202002084BF0008B5
:101BE000DA020020CCBE000810B59AB03EE0002317
:101BF000049304AB019364230093199B189A9DF8F6
:101C00005C100BA800F0C8FF18B13048FFF7ACFA21
:101C10002CE006AC049A11212046FFF729FB2C4B3F
:101C2000049A1A6000225A602046FFF79DFA1DE0D0
:101C3000012805D0022807D0032807D0254800E056
:101C40002548FFF791FA11E02048FAE72348F8E722
:101C5000049A112106A8FFF70BFB1D4B04AA92E87A
:101C6000030083E8030006A8FFF77EFA4FF0FF3376
:101C700000220BA91A48006805F016FC0028F5D1CF
:101C80009DF85E30002BB2D1114B1A6802925B684E
:101C9000039300230493059304AB0193039B0093E8
:101CA000029B9DF85D209DF85C100BA800F058FF8A
:101CB0000028BDD19DF85D30002BC9D004AB0CCB02
:101CC000112106A8FFF782FBC7E700BFE0BC0008B0
:101CD00018030020ECBC0008D4BC0008F4BC0008C9
:101CE000D806002000B58DB001F036FB0D490E4836
:101CF00001F064FB4FF0FF33002202A90B4800689B
:101D000005F0D2FB0028F5D19DF82C3000939DF80A
:101D10002B309DF82A200DF1190102A801F05EFB7D
:101D2000E8E700BF80BC000800BD0008D406002022
:101D300070B504460E46154600213046FEF78AFC73
:101D400000B10026266000212846FEF783FC00B182
:101D500000256560204670BD82B030B583B0044672
:101D600002A800E90600079308990198FEF7D6F942
:101D7000054607990098FEF7D1F901462A46204604
:101D8000FFF7D6FF204603B0BDE8304002B07047F1
:101D900082B030B583B0044602A800E9060007937C
:101DA00008990198FEF7B8F9054607990098FEF7DB
:101DB000B3F901462A462046FFF7BAFF204603B092
:101DC000BDE8304002B0704710B582B0044602ABA7
:101DD00003E90600019A02F10042009901F1004175
:101DE000FFF7A6FF204602B010BD82B02DE9F047F4
:101DF00082B0804602A800E906000B93009E0B9C6F
:101E000021463046FEF792FA8246019D0C9F3946E4
:101E10002846FEF78BFA814639463046FEF786FAA9
:101E2000064629462046FEF781FA01463046FEF76F
:101E300075F9044649465046FEF76EF901462246BA
:101E40004046FFF775FF404602B0BDE8F04702B0DC
:101E5000704782B02DE9F04782B0814602A800E9C0
:101E600006000B930B9D29462846FEF75FFA0646AF
:101E70000C9C21462046FEF759FA01463046FEF7F3
:101E80004DF982460021FEF7E5FB00282FD1009E88
:101E900031462846FEF74AFA8046019F39462046D9
:101EA000FEF744FA01464046FEF738F980463946C7
:101EB0002846FEF73BFA054631462046FEF736FA3D
:101EC00001462846FEF728F95146FEF7E3FA044694
:101ED00051464046FEF7DEFA014622464846FFF7E5
:101EE00027FF484602B0BDE8F04702B070470D9B9F
:101EF00003221A7000210A464846FFF719FFF0E74F
:101F000002688388D05C704710B5044602E0A3885D
:101F10000133A3802046FFF7F3FF2028F7D010BD40
:101F200010B582B0044602A800E906003BB9084992
:101F30000098FEF7FBF90749FEF7ACFA009002ABF8
:101F400013E9030084E80300204602B010BD00BF7F
:101F5000DB0F49400000344373280DD063280DD0B7
:101F600074280DD06C280DD06E280DD0712801D0AA
:101F70000020704701207047012070470120704702
:101F80000120704701207047012070472DE9F84378
:101F900081460D46002610E04E493046FEF7C6F950
:101FA0000646A4F13000FEF76DF901463046FEF713
:101FB000B5F80646AB880133AB802846FFF7A0FF93
:101FC00004462F2801D93928E6D92E2C1BD04FF0F2
:101FD0007E572846FFF794FF452860D1AC88631CE4
:101FE000AB802846FFF78CFF2B2831D02D2833D02B
:101FF00001242846FFF784FF2F2832D9392830D80A
:102000004FF0000838E0AB880133AB804FF07E57CB
:1020100015E030493046FEF789F90646A4F1300054
:10202000FEF730F901463046FEF778F806462949B2
:102030003846FEF77BF90746AB880133AB8028466C
:10204000FFF75EFF04462F28C3D93928E1D9C0E73E
:102050000234AC800124CCE70234AC804FF0FF3472
:10206000C7E701232B7600210A464846FFF760FEAA
:102070002CE0AB880133AB802846FFF741FF2F28C7
:102080000AD9392808D8B8F1630FF2DC08EB8808C0
:10209000303800EB4808ECE704FB08F801E04FF0AB
:1020A000000839463046FEF7F5F904464046FEF78B
:1020B000E9F80146074807F08BFB01462046FEF78A
:1020C00035F9014600224846FFF732FE4846BDE892
:1020D000F88300BF0000204110B507F00BFB044659
:1020E00001464FF07E50FEF7D5F92146FEF716F86F
:1020F0004FF07C51FEF71AF910BD10B507F0FAFA4F
:10210000044601464FF07E50FEF7C4F901462046D2
:10211000FEF702F84FF07C51FEF708F910BDF0B55C
:1021200083B0064602AB03E90600009D284607F08F
:10213000F3FB0746019C2046FFF7CEFF01463846D9
:10214000FEF7F4F80746284607F0B4FB054620469C
:10215000FFF7D3FF01462846FEF7E8F80246394666
:102160003046FFF7E5FD304603B0F0BDF0B583B073
:10217000064602AB03E90600009D284607F09AFBDD
:102180000746019C2046FFF7A7FF01463846FEF7A9
:10219000CDF80746284607F0BFFB00F10045204672
:1021A000FFF7ABFF01462846FEF7C0F80246394666
:1021B0003046FFF7BDFD304603B0F0BDF0B583B04B
:1021C000054602AB03E90600009807F093FA0646BD
:1021D000019C204607F06EFB0746204607F09CFB5B
:1021E0003146FEF7A3F8044631463846FEF79EF81E
:1021F000014622462846FFF79BFD284603B0F0BD66
:10220000F0B583B0074602A800E906001D46009C11
:1022100000212046FEF71EFA20B100210198FEF7AA
:1022200019FA98B9019D2946204607F08BFA07F064
:10223000A5FA06462146284607F05AFA02463146D4
:102240003846FFF775FD384603B0F0BD02232B700A
:1022500000210A463846FFF76BFDF4E782B02DE90E
:10226000F04188B0064602A880E806000F93039C60
:1022700000212046FEF7EEF958B100211098FEF734
:10228000E9F930B1029B1D4600211846FEF70AFA13
:1022900040BB00212046FEF7DDF958B1002110981F
:1022A000FEF7D8F930B1029B1F4600211846FEF711
:1022B000DBF908BB00210298FEF7CCF9002848D0D2
:1022C00000212046FEF7C6F9002842D000210F98D1
:1022D000FEF7E8F9002833D000210A463046FFF720
:1022E00027FD44E00F99284607F072FA01460022C4
:1022F0003046FFF71DFD3AE00F9D25F000402649CE
:10230000FEF7B2F90028D5D02846FEF7EBF9804653
:10231000FDF7B8FF01462846FEF79CF90028C9D012
:1023200007F10040294607F053FA014618F0010F63
:1023300001D000F1004100223046FFF7F9FC16E021
:102340000323119A137000210A463046FFF7F0FC70
:102350000DE0119B02AA06CA04A8FFF751FF119BCA
:102360001B7853B100210A463046FFF7E1FC3046A6
:1023700008B0BDE8F04102B0704706AC059B009381
:10238000049B0FAA06CA2046FFF72FFD94E806001B
:102390003046FFF713FFEAE7286B6E4E2DE9F04158
:1023A00082B0804602AB03E90600009C019D2946ED
:1023B000204607F0C7F9064601462046FDF7AEFE67
:1023C0004FF07C51FDF7B2FF07F056FA0746214661
:1023D0003046FDF7A1FE4FF07C51FDF7A7FF07F057
:1023E0004BFA044600212846FEF73EF940B9224642
:1023F00039464046FFF79CFC404602B0BDE8F081FC
:1024000004F100431C46F2E782B030B593B00546B4
:102410000C461793712A00F0978013D86C2A68D065
:102420006E2A4AD0632A40F0AA800B7A17AA06CAFD
:1024300008A8FFF775FD08AB93E806002846FFF7EC
:1024400095FE34E0732A26D0742A40F098800B7AE7
:1024500017AA06CA0AA8FFF763FD0AAB93E80600AD
:1024600002A8FFF75CFE237A17AA06CA0CA8FFF79A
:1024700057FD0CAB93E8060004A8FFF777FE04F1C4
:1024800018030193059B0093049B02AA06CA2846E1
:10249000FFF7DFFC0BE00B7A17AA06CA06A8FFF7C6
:1024A0003FFD06AB93E806002846FFF738FE2846B6
:1024B00013B0BDE8304002B070474B7A4BB90021F1
:1024C0001898FEF7C7F820B100211798FEF7D6F844
:1024D00038B92346183317AA06CA2846FFF790FED4
:1024E000E5E70223237600210A462846FFF720FC71
:1024F000DDE74B7A4BB900211898FEF7ABF820B115
:1025000000211798FEF7BAF8B0B9234618331C46D5
:1025100017AA06CA0EA8FFF773FE00221C4910A8CE
:10252000FFF706FC0194119B0093109B0EAA06CAAC
:102530002846FFF78EFCBAE70223237600210A46DD
:102540002846FFF7F5FBB2E74B7A4BB90021189804
:10255000FEF780F820B100211798FEF785F830B912
:1025600017AB93E806002846FFF718FF9FE7022302
:10257000237600210A462846FFF7DAFB97E7012376
:10258000237600210A462846FFF7D2FB8FE700BFDB
:102590008E5D134070B586B006460C4600210A4693
:1025A00004A8FFF7C5FB2046FFF7AEFC2046FFF767
:1025B000A7FC28281FD00546A0F13003DBB2092B69
:1025C00057D92E2855D070285AD0652861D069284F
:1025D00068D041287AD0782800F08180FFF7BCFCD1
:1025E000002840F08F800123237600210A463046E0
:1025F000FFF79EFB41E0A3880133A380E3880B2B08
:1026000007D90123237600210A463046FFF790FBC5
:1026100033E00133E38002AD2146284600F05DF946
:1026200095E8030006AB03E90300E388013BE38080
:10263000237E2BB100210A463046FFF779FB1CE0D0
:102640002046FFF761FC2046FFF75AFC292807D0F7
:102650000123237600210A463046FFF769FB0CE090
:10266000A3880133A38006AB13E90300C6E9000188
:1026700003E021463046FFF789FC304606B070BDC6
:10268000A3880133A380002237493046FFF750FB6F
:10269000F3E7A3880133A380002234493046FFF7D3
:1026A00047FBEAE7A3880133A380637A3BB90123A0
:1026B000237600210A463046FFF73AFBDDE74FF06C
:1026C0007E5200213046FFF733FBD6E7A388013363
:1026D000A380103494E80300C6E90001CDE7A37A93
:1026E0003BB90123237600210A463046FFF720FB41
:1026F000C3E7A3880133A3800022E1683046FFF7D7
:1027000017FBBAE7A3880133A3802046FFF7FCFB41
:10271000E3880B2B07D90123237600210A46304694
:10272000FFF706FBA9E70133E380214602A8FFF784
:1027300031FF02AB93E8030006AB03E90300E38833
:10274000013BE380237E2BB100210A463046FFF790
:10275000EFFA92E7059B0093049B2A4621463046F8
:10276000FFF752FE89E700BFDB0F494054F82D40C8
:1027700030B587B005460C4604A8FFF70BFF237E53
:102780003BB100210A462846FFF7D2FA284607B097
:1027900030BD2046FFF7B8FB2046FFF7B1FB5E28AF
:1027A00005D006AB13E90300C5E90001EEE7A388F5
:1027B0000133A380214602A800F014F8237E2BB138
:1027C00000210A462846FFF7B3FADFE718340194E0
:1027D000039B0093029B06AA12E906002846FFF716
:1027E0003DFDD3E730B583B005460C460846FFF7FC
:1027F0008BFB2046FFF784FB2D2808D02B2813D015
:1028000021462846FFF7B4FF284603B030BDA38811
:102810000133A38021466846FFF7E4FF9DE80600E8
:102820002846FFF7D1FAEFE7A3880133A3802146BA
:102830002846FFF7D7FFE7E7F0B58BB007460C4611
:1028400004A8FFF7CFFF1CE000210A463846FFF737
:102850006FFA38460BB0F0BDA3880133A380214640
:1028600006A8FFF7BFFF02AE079B0093069B04ADCF
:1028700095E806003046FFF7B8FA96E8030085E8C9
:102880000300237E002BDFD12046FFF73DFB2046CF
:10289000FFF736FB2A28DFD02F2818D1A388013371
:1028A000A380214608A8FFF79DFF02AE04F118039C
:1028B0000193099B0093089B04AD95E80600304600
:1028C000FFF7C7FA96E8030085E80300D9E704ABF1
:1028D00093E80300C7E90001BBE7F0B58BB00746FA
:1028E0000C4604A8FFF7A8FF1CE000210A46384662
:1028F000FFF71EFA38460BB0F0BDA3880133A38062
:10290000214606A8FFF798FF02AE079B0093069B9F
:1029100004AD95E806003046FFF71EFA96E803007E
:1029200085E80300237E002BDFD12046FFF7ECFA79
:102930002046FFF7E5FA2B28DFD02D2815D1A388F4
:102940000133A380214608A8FFF776FF02AE099B5A
:102950000093089B04AD95E806003046FFF718FA8F
:1029600096E8030085E80300DCE704AB93E8030086
:10297000C7E90001BEE782B030B58BB00F93139B5F
:10298000002B42D015460023139C2360636000286F
:102990003DD003900023ADF81030ADF812308DF823
:1029A00014108DF815209DF844308DF81630129BC8
:1029B000069307AB0FAA92E8030083E803004FF0E9
:1029C00000038DF8243003A901A8FFF786FF9DF8C6
:1029D00024402CB120460BB0BDE8304002B0704717
:1029E00003A8FFF791FABDF81030039AD45C84B9BC
:1029F00025B900210298FDF72DFE60B101AB93E8E7
:102A00000300139B83E80300E4E70124E2E70124C9
:102A1000E0E70124DEE70224DCE70000F0B589B03E
:102A20001D464FF0000CCDF818C0CDF81CC0CDF8F5
:102A300010C0CDF814C004AB03930292012301939C
:102A4000079B0093069B0022FFF795FFC8B9074636
:102A5000059820F000400D49FDF724FE98B9049E2A
:102A600026F000431C460A491846FDF725FE50B9DA
:102A700007492046FDF716FE28B92E6001231F46A0
:102A800001E000231F46384609B0F0BDBD3786354A
:102A9000FFFF7F7F2DE9F04784B007468846164642
:102AA0001C46DDF830A011461846FDF735FB0546FB
:102AB0005046FDF7E3FB01462846FDF7EBFC814657
:102AC00003AB324641463846FFF7A8FF00283FD007
:102AD00002AB224641463846FFF7A0FF00283BD014
:102AE00002990398FDF71AFB054601240CE0022029
:102AF0002FE04FF080400199FDF718FC0146284671
:102B0000FDF70CFB05460134544516D22046FDF76F
:102B1000B5FB4946FDF70AFC3146FDF7FFFA0246D0
:102B200001AB41463846FFF779FF0028DFD014F0AB
:102B3000010FDED04FF08140DDE749462846FDF722
:102B4000F5FB0649FDF7A6FC0D9B1860002000E090
:102B5000022004B0BDE8F0870220FAE70000404000
:102B600082B000B585B00793DDF824C0CDF80CC065
:102B70004FF0000CCDF808C04FF0000CCDF804C0A9
:102B8000DDF820C0CDF800C0FFF7F5FE05B05DF818
:102B900004EB02B070470000F0B585B01D460B9BFA
:102BA000002B45D0144600230B9A1360002842D016
:102BB0000A9B012B05D913F0010F04D001330A93AE
:102BC00001E002230A9303AB01930A9B00932F4673
:102BD0002B46264622460D460446FFF75BFF68BBA0
:102BE0000A9B580002AB019300903B4632462946AF
:102BF0002046FFF74FFF064618BB029C039920466C
:102C0000FDF78AFA20F000431D4624F000404FF003
:102C10007E51FDF783FA0E49FDF788FB01462846F1
:102C2000FDF740FD80B90B9B1C60304605B0F0BD40
:102C300001231E46F9E701231E46F6E702231E463E
:102C4000F3E702231E46F0E702231E46EDE700BF2E
:102C50006F12833ACAB170B505460C46164600217C
:102C60001160FDF7F7FC38B904F100402946FDF783
:102C700011FC3060002070BD00212046FDF7EAFC09
:102C800008B10020F7E70220F5E7012070472DE9A1
:102C9000F04784B0002B00F0DA8007468846914662
:102CA0001E469A460C9A002A00F0D38000252A4638
:102CB00029466846FFF73CF8DDE9000186E8030095
:102CC0002A4629466846FFF733F8DDE900010C9BE8
:102CD00083E8030029463846FDF7BCFC00284DD1A7
:102CE000464641464046FDF721FB04464FF08141F0
:102CF0003846FDF71BFB4946FDF718FB0146204609
:102D0000FDF70AFA04460021FDF7C2FC002868D04E
:102D1000204606F0B1FD80463146FDF7FDF9054637
:102D200039463846FDF7FAF9044601462846FDF7CC
:102D3000B1FB054606F100404146FDF7EDF921469D
:102D4000FDF7A8FB064601462846FDF7A1FC002832
:102D500032D0002229466846FEF7EAFFDDE900018D
:102D6000CAE90001002231466846FEF7E1FFDDE9CD
:102D700000010C9B83E80300002461E0039503AA93
:102D800049464046FFF766FF0446002858D1039E97
:102D9000002231466846FEF7CBFFDDE90001CAE9B3
:102DA0000001002231466846FEF7C2FFDDE900015E
:102DB0000C9B83E8030043E0002231466846FEF79F
:102DC000B7FFDDE90001CAE9000100222946684693
:102DD000FEF7AEFFDDE900010C9B83E80300002451
:102DE0002EE004F1004006F047FD064608F10044DD
:102DF00039463846FDF792F9054601462046FDF76B
:102E000049FB074629463046FDF744FB04460021AE
:102E1000FDF72AFCC0B9224639466846FEF788FF0E
:102E2000DDE90001CAE9000104F1004239466846C3
:102E3000FEF77EFFDDE900010C9B83E80300002420
:102E4000204604B0BDE8F08704F10044E3E7012424
:102E5000F6E70124F4E708B506F05AFAFEF7B0FBEE
:102E600008BD08B5FEF7C2FB08BD08B5FEF73AFF7E
:102E700008BD08B5FEF7B8FE08BD08B5FEF7ECFBC7
:102E800008BD704708B5FEF747FB124A00211248FB
:102E900004F00CFA114B1860114A0021114804F09B
:102EA00005FA114B1860114A0021114804F0FEF98F
:102EB000104B1860104A0021104804F0F7F9104B2D
:102EC0001860104A0021104804F0F0F90F4B186008
:102ED00008BD00BFA8BE0008572E0008781F0020BC
:102EE00084BE0008632E0008181B002060BE000886
:102EF0006B2E0008B81800203CBE0008732E000896
:102F00005815002018BE00087B2E0008F80C002081
:102F10002DE9F04389B004AD00240494059406948F
:102F200007942F4B9A6942F010029A619A6902F055
:102F300010020092009A9A6942F020029A619A69FE
:102F400002F020020192019A9A6942F008029A6105
:102F50009A6902F008020292029A9A6942F0040207
:102F60009A619B6903F004030393039BDFF8749059
:102F700001224FF40051484600F0BCFC1A4E224694
:102F80004FF47C41304600F0B5FC01224FF4A071B3
:102F9000304600F0AFFC4FF4005304934FF00108AB
:102FA000CDF814800694022707972946484600F07A
:102FB000AFFB4FF640530493CDF814800694079767
:102FC0002946304600F0A4FB4FF420730493059487
:102FD00006942946304600F09BFB09B0BDE8F0831B
:102FE0000010024000100140000C0140074AD2F8D6
:102FF000FC3043F08073C2F8FC30054B00225A606D
:103000001A6842F001021A60704700BF00ED00E04C
:10301000001000E0074B1B68074AA2FB03239B0C30
:1030200003FB00F0054B5A68044B5B689B1A834214
:10303000FAD370470000002083DE1B43001000E03D
:103040002DE9F8430746884616460024A14606E0C7
:103050000D4B1F613046FFF7DDFF0134E4B20F2C4A
:103060000FD83B04084D2B613046FFF7D3FFAB6808
:1030700018EA030FECD10123A3409BB243EA0909EC
:10308000E6E74846BDE8F883000C014008B5042295
:10309000FFF7D6FF08BD0000F0B585B0002400940E
:1030A0000194029403940E4E01224FF4A071304615
:1030B00000F020FC4FF4A0730093012701970294C5
:1030C00003976946304600F023FB4FF420730093CA
:1030D000019402976946304600F01AFB05B0F0BD36
:1030E000000C014008B5FFF781FFFFF7D5FF08BDD1
:1030F00010B580214020FFF7C9FF04464FF400714E
:103100004FF48070FFF7C2FF8446002318460EE09C
:103110004CFA02F111F0010F07D00E498A5C1D2A0A
:1031200003D8012101FA02F210430133DBB20F2B65
:103130000FD81A4644FA03F111F0010FE8D00649FE
:10314000C95C1D29E4D84FF0010E0EFA01F10843C5
:10315000DEE710BDA4BF0008B4BF0008024600208F
:103160001D2807D822FA00F313F0010F03D1013014
:10317000C0B2F5E7FF20704708B50268034B9A42DA
:1031800000D008BD00F036FAFBE700BF00080040A1
:1031900072B6FEE710B594B00AAC28220021204692
:1031A00008F0EEFC00230593069307930893099318
:1031B000019302930393049301220A924FF4803304
:1031C0000B930E920222119212934FF4E013139379
:1031D000204601F0DDFBA8B90F23059302210691DB
:1031E00007904FF480620892099005A801F004FE50
:1031F00050B910230193049001A801F0E7FE28B90B
:1032000014B010BDFFF7C4FFFFF7C2FFFFF7C0FF08
:1032100008B500F0DDF9FFF7BDFFFFF779FE00F01C
:103220008BF9054801F092FF04F006F8FFF72AFE3B
:1032300004F014F8FEE700BFC41F0020034B1A6817
:1032400000235362536A8342FCD37047C41F00209B
:10325000000380B240F07040014B1861704700BF1E
:10326000000C014020B14FF48062034B1A6170479B
:103270004FF08062F9E700BF000C014010B5074C29
:103280004FF4006323610220FFF7D8FF4FF0006383
:1032900023610220FFF7D2FF10BD00BF000C0140E8
:1032A00008B5FFF7D5FFFFF7E9FF08BD10B50446E5
:1032B0000846FFF7D7FF2009FFF7F2FF04F00F00E1
:1032C000FFF7EEFF3220FFF7B9FF10BD08B501216F
:1032D000FFF7ECFF08BD38B50546002403E0FFF713
:1032E000F5FF0134E4B20F2C04D8285D0028F6D194
:1032F0002020F4E738BD10B504460021FFF7D6FFC3
:10330000601EC0B2012800D910BD022000F084F96F
:10331000FAE7000070B500250CE00E4B03EBC50387
:10332000185D00F01F00FFF7D1FF0134E4B2072C55
:10333000F3D93546052D09D86E1CF6B2F000C0B29F
:1033400040F04000FFF7D7FF0024F0E78020FFF7B0
:10335000D2FF70BDC4BF000808B5174B4FF07C42C8
:103360001A61322000F058F90320FFF799FF052079
:1033700000F052F90320FFF793FF9620FFF75EFF5E
:103380000320FFF78DFF9620FFF758FF0220FFF77D
:1033900087FF2820FFF7AFFF0820FFF7ACFF0120D1
:1033A000FFF7A9FF0620FFF7A6FF0C20FFF7A3FFFA
:1033B000FFF7B0FF08BD00BF000C014038B505465F
:1033C0000C468020FFF797FF2846FFF784FFC020B8
:1033D000FFF791FF2046FFF77EFF38BD38B5144652
:1033E00083B1C0231D46FFF7E9FF74B19DF81000BB
:1033F00000F00F002844C0B2FFF77DFF0E20FFF75A
:103400007AFF38BD80231D46EDE70C20FFF773FFE0
:10341000F7E7000000B583B0104B9A6942F0010253
:103420009A619A6902F001020092009ADA6942F008
:103430008052DA61DB6903F080530193019B002223
:103440000F216FF0010000F045F9054A536823F0A1
:10345000E06343F00073536003B000BD001002400E
:103460000000014030B589B00446224BDA6942F0D1
:103470000402DA61DB6903F004030193019B02A9F2
:1034800003A801F085FD069BCBB901F071FD034651
:10349000194AA2FB03239B0C013B1848184A0260FF
:1034A00040F2E732C26043600023036183608361BE
:1034B00001F0A2FF054630B1284609B030BD01F049
:1034C00057FD4300E4E70D4801F06EFE0546002875
:1034D000F2D11E2000F00EF90F2C02D901231D4657
:1034E000EAE7002221461E2000F0F4F8054B1C609C
:1034F000E2E700BF0010024083DE1B437C1F002078
:103500000008004008000020FEE7FEE7FEE7FEE7B7
:10351000FEE7704708B5024800F0EDFF08BD00BFA8
:103520008835002008B5024801F074FE08BD00BFD0
:103530007C1F00207047000000B587B00023029375
:10354000039304930593009301931448144A026073
:103550004722426083604FF6FF72C260036183615D
:1035600001F04AFF88B94FF48053029302A90B4837
:1035700001F079FF60B90023009301936946074881
:1035800001F0F0FF38B907B000BDFFF701FEEAE730
:10359000FFF7FEFDEFE7FFF7FBFDF4E7C41F002098
:1035A000000400400268094B9A4200D0704782B084
:1035B00003F50333DA6942F00202DA61DB6903F0F2
:1035C00002030193019B02B0704700BF000400405A
:1035D00008B5074A136843F010031360032000F096
:1035E00067F80F20FFF73EFFFFF714FF002008BD2C
:1035F00000200240034A1168034B1B780B44136000
:10360000704700BF0C20002004000020014B186808
:10361000704700BF0C20002038B50446FFF7F6FFC6
:103620000546B4F1FF3F02D0044B1B781C44FFF762
:10363000EDFF401BA042FAD338BD00BF04000020BC
:10364000002808DB0901C9B200F1604000F56140C3
:1036500080F80013704700F00F000901C9B2014B58
:103660001954704714ED00E000B500F00700A0F118
:10367000030CBCF1040F07D8C0F1070E0430062874
:1036800006D84FF0000C03E04FF0040E4FF0000C92
:103690004FF0FF3303FA0EF021EA000101FA0CF1BA
:1036A00003FA0CF322EA030241EA020000BD000023
:1036B000074AD36823F4E0631B041B0C000200F4E8
:1036C000E060034343F0BF6343F40033D3607047CB
:1036D00000ED00E010B50446054BD868C0F30220A9
:1036E000FFF7C2FF01462046FFF7AAFF10BD00BF4B
:1036F00000ED00E0002807DB00F01F024009012375
:103700009340024A42F82030704700BF00E100E0D9
:1037100070B582B04FF0000EF446A4E0012B28D023
:10372000022B03D1CB6803F1080E24E01BBB8B688E
:10373000002B65D0012B5CD042614FF0080E1AE0DF
:10374000664DAB42F3D00CD8A5F58015AB42EED058
:1037500005F57025AB42EAD0A5F58015AB42E6D061
:1037600009E05F4DAB42E2D005F58035AB42DED0DB
:1037700001E0D1F80CE0FF2C45D806464FEA8C0258
:1037800033680F25954023EA05030EFA02F213432E
:1037900033604B6813F0805F63D0524B9A6942F0FC
:1037A00001029A619B6903F001030193019B4FEAB7
:1037B0009C02951C4C4B53F825600CF00305AD00A2
:1037C0000F23AB4026EA0306484B984222D003F56C
:1037D0008063984263D003F58063984261D003F51B
:1037E0008063984214D0042315E0CB6803F10C0EDB
:1037F000C1E702614FF0080EBDE74FF0000EBAE7D7
:103800004FF0040EB7E7061DACF108029200B7E7CF
:10381000032300E00023AB4033430232324D45F82E
:1038200022304B6813F4801F3DD0314A9368234304
:1038300093604B6813F4001F3BD02D4AD368234399
:10384000D3604B6813F4003F39D0294A53682343AF
:1038500053604B6813F4803F37D0254A13682343E5
:1038600013600CF1010C0B6833FA0CF233D0012217
:1038700002FA0CF203EA020432EA0303F1D14B68C4
:10388000032BBAD07FF64AAF122BAED03FF658AF1B
:10389000112B7FF470AFCB6803F1040E6BE70123AB
:1038A000B9E70223B7E7124A936823EA0403936057
:1038B000BFE70F4AD36823EA0403D360C1E70C4A89
:1038C000536823EA04035360C3E7094A136823EAF1
:1038D00004031360C5E702B070BD00BF00002210F2
:1038E00000003110001002400000014000080140BB
:1038F000000401400AB10161704709040161704789
:10390000C36801EA030221EA030141EA02410161BD
:10391000704710B512F4804F46D00468B4F85030A8
:103920009BB291F800C003EBCC03023304EB4304D9
:10393000B4F80044C4F309048B69A3422AD31B1BC7
:103940008B618B6983B9D0F800E03EF82C309BB2D4
:1039500023F4804323F0700383F4005343F40043C3
:1039600043F080032EF82C3012F0400F0FD0026885
:1039700091F800C032F82C309BB223F4E04323F0DE
:10398000700343F4004343F0C00322F82C3024B901
:10399000204610BD00238B61D3E723460A8949697D
:1039A000006802F0B3FDF3E70468B4F850309BB24E
:1039B00091F800C003EBCC03063304EB4304B4F8E6
:1039C0000044C4F309048B69A34230D31B1B8B61F1
:1039D0008B6983B9D0F800E03EF82C309BB223F419
:1039E000804323F0700383F4005343F4004343F017
:1039F00080032EF82C3012F0400F0FD1026891F89E
:103A000000C032F82C309BB223F4E04323F0700363
:103A100043F4004343F0C00322F82C30002CB7D00D
:103A200023464A894969006802F070FDB0E7002327
:103A30008B61CDE738B5002870D0044690F89132FC
:103A4000ABB1032384F8913200236371206801F045
:103A5000D1FD234653F8040B0ECB01F0BBFD58B14A
:103A6000022384F8913201231D46284638BD80F890
:103A7000903205F083FCE4E70146206801F0C5FDC3
:103A80000346A8B902462079904217D902EB820179
:103A900004EBC101012048740A740020C874086254
:103AA0004862013202EB8201C9006050D2B2EAE7FB
:103AB000022384F8913201231D46D6E7984217D994
:103AC00003EB830204EBC202002182F8511182F859
:103AD000503182F85311C2F86011C2F8641103EB3F
:103AE000830204EBC202C2F868110133DBB2E5E7DE
:103AF000234653F8040B0ECB01F089FD054628B18F
:103B0000022384F8913201231D46AEE7607301233E
:103B100084F89132206802F0F2F8A6E701231D46EE
:103B2000A3E790F89032012B13D010B504464FF064
:103B3000010380F89032006801F053FD0121204616
:103B400005F02FFD206802F0D8F8002084F89002DC
:103B500010BD0220704770B505460C46164612F09F
:103B6000400F00F00D810268B2F850309BB2097826
:103B700003EBC103023302EB4302B2F80024C2F3A9
:103B80000902A36993424ED99B1AA361A369002B32
:103B900066D16378002B49D12B68B3F8502092B2DC
:103BA000134403EB0113B3F80424C2F30902A3F88E
:103BB0000424B3F804246FEA42426FEA524292B2FC
:103BC000A3F804242B686278002A3CD1B3F8502073
:103BD00092B21344227803EB0213B3F80C24C2F31D
:103BE0000902A3F80C24B3F80C246FEA42426FEAEE
:103BF000524292B2A3F80C242178284605F0F0FB3B
:103C000016F4804F41D02A68217832F821309BB2D7
:103C100023F4E04323F0700343F4404343F0800374
:103C200022F8213031E00023A361AFE7012BC9D195
:103C30002B68B3F8502092B2134403EB0113002217
:103C4000A3F80424BEE7012AD6D1B3F8502092B2DB
:103C50001344227803EB02130022A3F80C24CBE7D1
:103C600016F4804F0DD0286830F821309BB223F431
:103C7000E04323F0700343F4404343F0800320F813
:103C8000213094F82430012B12D02A68217832F8A0
:103C900021309BB223F4E04323F0400383F0300350
:103CA00043F4004343F0800322F82130002070BD2C
:103CB000636913446361E3691344E361216A23691F
:103CC000994224D3C91A21626278002A43D12A6812
:103CD000B2F8501089B20A44217802EB0112B2F80E
:103CE0000414C1F30901A2F804143E2B1AD958098F
:103CF00013F01F0F00D10138B2F8041489B280020A
:103D000080B2014341F40041A2F8041425E019B93E
:103D100084F824101346D7E7002384F82430236264
:103D20000B46D1E74BB9B2F804146FEA41416FEA90
:103D3000514189B2A2F804140FE0590813F0010FA1
:103D400000D00131B2F8040480B2890289B2014383
:103D5000A2F8041401E0012A06D09BB2228961690D
:103D6000286801F0D4FF90E72A68B2F8501089B2B1
:103D70000A44217802EB011299B2A2F80414ECE78C
:103D80000268B2F850309BB2097803EBC1030633E6
:103D900002EB4302B2F80024C2F30902A369934282
:103DA0004FD39B1AA361A369002B67D16378002BC3
:103DB0004AD12B68B3F8502092B2134403EB01139D
:103DC000B3F80424C2F30902A3F80424B3F80424CA
:103DD0006FEA42426FEA524292B2A3F804242B687F
:103DE0006278002A3DD1B3F8502092B21344227871
:103DF00003EB0213B3F80C24C2F30902A3F80C245A
:103E0000B3F80C246FEA42426FEA524292B2A3F82E
:103E10000C242178284605F0E3FA16F4804F7FF44D
:103E200034AF2A68217832F821309BB223F4E04382
:103E300023F0700343F4404343F0800322F8213021
:103E400023E70023A361AEE7012BC8D12B68B3F8A9
:103E5000502092B2134403EB01130022A3F8042470
:103E6000BDE7012AD5D1B3F8502092B2134422788D
:103E700003EB02130022A3F80C24CAE716F4804FC8
:103E80000DD1286830F821309BB223F4E04323F0B1
:103E9000700343F4404343F0800320F8213094F84A
:103EA0002430012B7FF4F1AE636913446361E3694D
:103EB0001344E361216A2369994224D3C91A216218
:103EC0002A686178002942D1B2F8501089B20A44B8
:103ED000217802EB0112B2F80C14C1F30901A2F827
:103EE0000C143E2B1AD9580913F01F0F00D10138BA
:103EF000B2F80C1489B2800280B2014341F400414F
:103F0000A2F80C1425E019B984F824101346D7E759
:103F10000023236284F824300B46D1E74BB9B2F872
:103F20000C146FEA41416FEA514189B2A2F80C14B6
:103F30000FE0590813F0010F00D00131B2F80C0462
:103F400080B2890289B20143A2F80C1401E0012970
:103F500006D09BB262896169286801F0D8FE94E6B8
:103F6000B2F8501089B20A44217802EB011299B2DA
:103F7000A2F80C14EDE72DE9F04105462868B0F8E9
:103F8000443013F4004F00F0A082B0F84440A3B2D4
:103F900014F00F0440F0E08013F0100F6CD0038891
:103FA0009AB213F4006F40F09A8012F4004FE5D0FB
:103FB00003889BB223F070031B051B0D43F08003A5
:103FC00003802868B0F850309BB295F8502103EB7D
:103FD000C203063300EB4303B3F80034C3F3090311
:103FE000C5F86C318BB1D5F8641171B1B5F85621B3
:103FF00002F08CFAD5F86431D5F86C211344C5F879
:1040000064310021284605F0DFF92A68138899B247
:1040100013F4006FB2D101F44051B1F5405FADD05F
:10402000B2F850309BB21A44B2F80C34C3F309030F
:10403000A2F80C34D5F860313E2B74D9590913F02D
:104040001F0F00D10139B2F80C349BB2890289B23A
:104050000B4343F40043A2F80C342A6813889BB244
:1040600023F4804323F0700383F4405343F400436C
:1040700043F08003138081E703889BB223F4E1437C
:1040800023F070036FEA43436FEA53439BB203800C
:104090002A68B2F850309BB2297C03EBC10302338B
:1040A00002EB4302B2F80034C3F30903EB626A6A1D
:1040B0001A446A620021284605F092F96B7B002BB6
:1040C0003FF45CAFAB6A002B7FF458AF6B7B2A6880
:1040D00043F08003A2F84C3000236B734EE7B0F836
:1040E00050309BB295F8502103EBC203063300EB2E
:1040F0004303B3F80034C3F30903C5F86C31B5F8D2
:10410000562105F5267102F001FA2A6813889BB240
:1041100023F070031B051B0D43F08003138028461A
:1041200005F04AF92AE74BB9B2F80C346FEA434379
:104130006FEA53439BB2A2F80C348EE7590813F090
:10414000010F00D00131B2F80C3498B28B029BB24F
:104150000343A2F80C3480E730F824309EB213F405
:10416000004F50D116F0800F3FF408AF04EB8401EC
:10417000C900103129442A6832F824309BB223F454
:10418000E14323F070036FEA43436FEA53439BB26A
:1041900022F8243004EB840305EBC303DB7C012B02
:1041A00000F0F38016F4807F40F08A812868B0F830
:1041B00050309BB204EB840205EBC202167C03EB89
:1041C000C603023300EB4303B3F80034C3F309031F
:1041D000621C02EB820255F832209A4240F253816F
:1041E000671C07EB8707D21A45F83720621C02EBE1
:1041F000820255F83220002A40F04C813146284690
:1042000005F0EEF8BAE630F824309BB223F07003E4
:104210001B051B0D43F0800320F8243004EB8401C0
:10422000C90001F5A87105EB010804EB840305EB57
:10423000C30393F85C31002B42D12868B0F85030AA
:104240009BB204EB840205EBC20292F8502103EB0F
:10425000C203063300EB4303B3F80074C7F3090746
:1042600017BB04EB840305EBC303D3F86C213A447A
:10427000C3F86C21D3F864213A44C3F86421D3F81D
:1042800068313BB104EB840305EBC303D3F8603121
:104290009F4275D204EB840305EBC30393F85011DE
:1042A000284605F091F85DE704EB840105EBC101B8
:1042B0003B46B1F85621D1F8641102F027F9D0E756
:1042C00004EB840305EBC30393F85331022B35D081
:1042D000296804EB840205EBC20292F8500131F820
:1042E00020309BB223F4E04323F0700343F40043F7
:1042F00043F0C00321F82030286892F8502130F8AC
:10430000223013F4804F20D0B0F850309BB203EB32
:10431000C203023300EB4303B3F80074C7F3090789
:10432000002F9ED004EB840105EBC1013B46B1F8A0
:104330005821D1F8641102F0E9F892E7324641467B
:104340002846FFF7E6FA07468BE7B0F850309BB2F5
:1043500003EBC203063300EB4303B3F80074C7F367
:104360000907002F3FF47DAF04EB840105EBC10189
:104370003B46B1F85A21D1F8641102F0C7F870E752
:104380004146286801F0D6FCECE6631C03EB83038E
:10439000DB000022EA5004EB840305EBC3031B7F20
:1043A0001BB316F0400F3BD004EB840305EBC303B3
:1043B0005B7C1BBB2B68B3F8502092B2134404EB18
:1043C000840205EBC202127C03EB0213B3F804244F
:1043D000C2F30902A3F80424B3F804246FEA4242AA
:1043E0006FEA524292B2A3F8042404EB840405EB72
:1043F000C404217C284604F0F3FFBFE5012BF4D16F
:104400002B68B3F8502092B2134404EB840205EBFE
:10441000C202127C03EB02130022A3F80424E4E797
:104420002B6804EB840205EBC202527CD2B9B3F8CC
:10443000502092B2134404EB840205EBC202127CBA
:1044400003EB0213B3F80C24C2F30902A3F80C2403
:10445000B3F80C246FEA42426FEA524292B2A3F8D8
:104460000C24C2E7012AC0D1B3F8502092B2134401
:1044700004EB840205EBC202127C03EB0213002260
:10448000A3F80C24B1E7621C02EB8202D2000027E1
:10449000AF50ABE604EB840205EBC202566A1E4441
:1044A0005662013404EB840205EBC202526804EB4D
:1044B000840405EBC4041344636001F03BFC5DE538
:1044C00032462846FFF747FB58E50020BDE8F0815B
:1044D00090F89032012B0CD010B50446012380F8DF
:1044E00090324173006801F002FC002084F89002D1
:1044F00010BD0220704710B584B00446006801F07A
:1045000000FC10F4004F20D110F4806F21D110F482
:10451000804F2FD110F4005F37D110F4805F3ED16F
:1045200010F4006F40F0878010F4007F40F0AE8000
:1045300010F4807F27D02268B2F844309BB223F475
:1045400080739BB2A2F844301DE02046FFF713FDB4
:1045500019E02268B2F844309BB223F480639BB226
:10456000A2F84430204604F04CFF00212046FFF71B
:10457000AFFF08E02268B2F844309BB223F48043D6
:104580009BB2A2F8443004B010BD2268B2F84430A7
:104590009BB223F400539BB2A2F84430F3E72268A5
:1045A000B2F840309BB223F004039BB2A2F8403033
:1045B0002268B2F840309BB223F008039BB2A2F805
:1045C0004030204604F040FF2268B2F844309BB2ED
:1045D00023F480539BB2A2F84430D4E7226832F827
:1045E000231004AA02EB430222F8101C0133DBB2B1
:1045F000072BF3D92268B2F840309BB243F0010395
:10460000A2F840302268B2F840309BB223F0010398
:104610009BB2A2F840302368B3F8442012F4806FB4
:10462000F9D0B3F8442092B222F4806292B2A3F897
:10463000442000230BE00023DAE7226804A901EB01
:10464000430131F8101C22F823100133DBB2072B91
:10465000F3D92268B2F840309BB243F00803A2F8C5
:1046600040302268B2F844309BB223F400639BB21E
:10467000A2F844302268B2F840309BB243F0040301
:10468000A2F84030204604F0CFFE7CE72268B2F862
:1046900044309BB223F400739BB2A2F8443020460E
:1046A00004F0A9FE6FE710B50446084611F0800F2C
:1046B00026D101F0070C0CEB8C0E4FEACE0E0EF556
:1046C000A87E04EB0E010CEB8C0C04EBCC0C4FF031
:1046D000000E8CF851E100F0070008700A61CB7001
:1046E000022B1DD094F89032012B1CD0012384F8AA
:1046F0009032206800F09CFF002084F8900210BDEA
:1047000001F0070C0CEB8C01C900103121440CEBBB
:104710008C0C04EBCC0C4FF0010E8CF811E0DAE7B6
:1047200000230B71DEE70220E9E710B504460A46D4
:1047300011F0800F1FD101F0070000EB8003DB00B8
:1047400003F5A873E11800EB800004EBC000002320
:1047500080F8513102F007020A7094F89032012B70
:1047600017D0012384F89032206801F05FF900200F
:1047700084F8900210BD01F0070000EB8003DB001D
:104780001033E11800EB800004EBC00001234374F8
:10479000E0E70220EEE710B501F0070C0CEB8C010E
:1047A000C90001F5A8710CEB8C0E00EBCE0ECEF813
:1047B0006421CEF868310024CEF86C418EF8514166
:1047C0008EF850C10144006801F0B4FA204610BDD3
:1047D00001F0070101EB810100EBC100D0F86C0191
:1047E000704738B501F0070C0CEB8C01C900103193
:1047F0000CEB8C0E00EBCE0ECEF824200CF1010257
:1048000002EB820440F8343001258EF83450CEF8A3
:10481000303000EBC402002454608EF811508EF842
:1048200010C00144006801F085FA204638BD38B553
:1048300001F007050279AA4235D304460B4611F070
:10484000800F1ED101EB8101C90001F5A87101445F
:1048500003EB830300EBC303002283F85121012300
:104860008B700D7094F89032012B1ED0012384F8C8
:104870009032206801F0C5F97DB1002084F89002E3
:1048800038BD05EB8501C9001031014405EB8503F6
:1048900000EBC30301225A74E1E704F52671206896
:1048A00001F033FAE9E70120EAE70220E8E70B46E6
:1048B000017903F00F02914234D310B5044613F08E
:1048C000800F21D103F0070202EB8201C90001F53C
:1048D000A871014402EB820200EBC202002082F8C0
:1048E000510100228A7003F007030B7094F8903294
:1048F000012B19D0012384F89032206801F0A6F929
:10490000002084F8900210BD03F0070202EB820140
:10491000C9001031014402EB820200EBC202012007
:104920005074DEE7012070470220ECE711F0800FA1
:104930000BD001F0070101EB8101C90010310844DF
:1049400052B90273C3800020704701EB8101C90096
:1049500001F5A8710844F3E70122027303811B0CDF
:104960004381F0E782B0084B1B68084AA2FB03238F
:104970005B0A00FB03F3019300BF019B5A1E0192E7
:10498000002BF9D102B0704700000020D34D621017
:10499000002800F0F38170B582B00446036813F07C
:1049A000010F2CD09A4B5B6803F00C03042B1DD035
:1049B000974B5B6803F00C03082B12D06368B3F5C8
:1049C000803F41D0002B55D103F1804303F50433E0
:1049D0001A6822F480321A601A6822F480221A605F
:1049E00037E08B4B5B6813F4803FE7D0884B1B6844
:1049F00013F4003F03D06368002B00F0C1812368EB
:104A000013F0020F75D0824B5B6813F00C0F5FD070
:104A10007F4B5B6803F00C03082B54D02369002BF9
:104A200000F08A807B4B01221A60FEF7EFFD0546FD
:104A3000774B1B6813F0020F75D1FEF7E7FD401BA3
:104A40000228F5D90320A0E1714A136843F48033AA
:104A50001360636843B3FEF7D9FD05466C4B1B68D2
:104A600013F4003FCBD1FEF7D1FD401B6428F5D9EC
:104A700003208AE1B3F5A02F09D0654B1A6822F410
:104A800080321A601A6822F480221A60E1E703F18A
:104A90008043A3F53C331A6842F480221A601A68F6
:104AA00042F480321A60D4E7FEF7B0FD0546584B59
:104AB0001B6813F4003FA2D0FEF7A8FD401B64283A
:104AC000F5D9032061E1524B5B6813F4803FA5D117
:104AD0004F4B1B6813F0020F03D02369012B40F0EA
:104AE00051814B4A136823F0F803616943EAC1031B
:104AF0001360236813F0080F33D0A369002B5DD037
:104B0000444B0122C3F88024FEF780FD0546404B4C
:104B10005B6A13F0020F21D1FEF778FD401B0228DB
:104B2000F5D9032031E13A4A136823F0F8036169AB
:104B300043EAC1031360DCE7364B00221A60FEF73C
:104B400065FD0546324B1B6813F0020FD1D0FEF70E
:104B50005DFD401B0228F5D9032016E10120FFF777
:104B600001FF236813F0040F00F09880284BDB69E5
:104B700013F0805F35D1264BDA6942F08052DA615A
:104B8000DB6903F080530193019B01231E46224BF6
:104B90001B6813F4807F27D0E368012B3ED0002BE5
:104BA00054D103F1804303F504331A6A22F0010261
:104BB0001A621A6A22F004021A6234E0154B0022CB
:104BC000C3F88024FEF722FD0546114B5B6A13F003
:104BD000020FC6D0FEF71AFD401B0228F5D90320AC
:104BE000D3E000231E46D2E70B4A136843F48073D8
:104BF0001360FEF70BFD0546074B1B6813F4807F1F
:104C0000CAD1FEF703FD401B6428F5D90320BCE0A0
:104C10000010024000004242007000405F4A136AE8
:104C200043F001031362E36833B3FEF7EFFC05467C
:104C30005A4B1B6A13F0020F2FD1FEF7E7FC401B03
:104C400041F288339842F3D903209EE0052B09D026
:104C5000524B1A6A22F001021A621A6A22F0040206
:104C60001A62E0E74D4B1A6A42F004021A621A6AAD
:104C700042F001021A62D6E7FEF7C8FC0546474B30
:104C80001B6A13F0020F08D0FEF7C0FC401B41F274
:104C900088339842F3D9032077E0E6B9E369002B23
:104CA00072D03E4A526802F00C02082A56D0022BFB
:104CB00017D03B4B00221A66FEF7A8FC0446374B80
:104CC0001B6813F0007F47D0FEF7A0FC001B0228F2
:104CD000F5D9032059E0314AD36923F08053D361D9
:104CE000DCE72F4B00221A66FEF790FC05462B4BA3
:104CF0001B6813F0007F06D0FEF788FC401B0228DB
:104D0000F5D9032041E0236AB3F5803F1AD0234947
:104D10004B6823F47413226A606A024313434B60A6
:104D20001F4B01221A66FEF771FC04461B4B1B68E1
:104D300013F0007F0ED1FEF769FC001B0228F5D9A5
:104D4000032022E0154A536823F40033A1680B4383
:104D50005360DCE7002018E0002016E0012B16D09D
:104D60000E4B5B6803F48031226A914211D103F447
:104D70007013626A93420ED1002006E00120704752
:104D8000012002E0012000E0184602B070BD0120C1
:104D9000FBE70120F9E70120F7E700BF0010024020
:104DA000000042420F4B5B6803F00C02082A01D05E
:104DB0000D487047C3F383420C49885C13F4803F6D
:104DC0000BD0084B5B68C3F34043094AD35C064AE7
:104DD00002FB00F0B0FBF3F07047064B03FB00F062
:104DE000704700BF0010024000127A0010C0000897
:104DF0000CC0000800093D00002800F0A08070B53C
:104E00000D460446524B1B6803F007038B420BD23E
:104E10004F4A136823F007030B431360136803F032
:104E200007038B4240F08D80236813F0020F17D0E8
:104E300013F0040F04D0474A536843F4E06353600F
:104E4000236813F0080F04D0424A536843F46053B8
:104E50005360404A536823F0F003A1680B4353604A
:104E6000236813F0010F31D06368012B20D0022B8F
:104E700025D0384A126812F0020F64D035494A68CA
:104E800022F0030213434B60FEF7C0FB0646314B92
:104E90005B6803F00C036268B3EB820F16D0FEF779
:104EA000B5FB801B41F288339842F0D9032045E0DE
:104EB000284A126812F4003FE0D101203EE0254A62
:104EC000126812F0007FD9D1012037E0204B1B6817
:104ED00003F00703AB420AD91D4A136823F0070306
:104EE0002B431360136803F00703AB422DD12368F3
:104EF00013F0040F06D0174A536823F4E063E16807
:104F00000B435360236813F0080F07D0114A53680E
:104F100023F46053216943EAC1035360FFF742FF62
:104F20000C4B5B68C3F303130B4AD35CD8400B4BA9
:104F300018600B4B1868FEF795FA002070BD012031
:104F400070470120FAE70120F8E70120F6E700BFEB
:104F50000020024000100240FCBF000800000020BA
:104F600008000020014B1868704700BF00000020B7
:104F700008B5FFF7F7FF044B5B68C3F30223034A4E
:104F8000D35CD84008BD00BF00100240F4BF000849
:104F90000F2303600B4B5A6802F0030242605A6809
:104FA00002F0F00282605A6802F4E062C2605B685C
:104FB000DB0803F4E0630361034B1B6803F00703A2
:104FC0000B607047001002400020024070B582B0B4
:104FD0000446036813F0010F39D0414BDB6913F02D
:104FE000805F4DD13E4BDA6942F08052DA61DB6975
:104FF00003F080530193019B01231E46394B1B682C
:1050000013F4807F3FD0364B1B6A13F4407315D0E6
:10501000626802F440729A4210D0314A136A23F453
:10502000407031494FF0010CC1F840C44FF0000C02
:10503000C1F840C4106213F0010F38D1284A136A36
:1050400023F4407361680B431362002E40D1236840
:1050500013F0020F06D0224A536823F44043A1689C
:105060000B435360236813F0100F36D01C4A53686B
:1050700023F48003E1680B435360002002B070BD4D
:1050800000231E46BAE7174A136843F4807313607F
:10509000FEF7BCFA0546134B1B6813F4807FB2D1B0
:1050A000FEF7B4FA401B6428F5D90320E6E7FEF7C3
:1050B000ADFA05460A4B1B6A13F0020FBED1FEF78C
:1050C000A5FA401B41F288339842F3D90320D5E773
:1050D000D36923F08053D361B9E70020CEE700BF46
:1050E000001002400070004000004242036AD0F805
:1050F00020C02CF0010CC0F820C0D0F818C02CF053
:10510000F00C4CEA021223F00A030B4382610362A3
:105110007047036AD0F820C02CF0100CC0F820C0F3
:10512000D0F818C02CF4704C4CEA023223F0A003E3
:1051300043EA0113826103627047836823F07003BE
:105140000B4343F0070383607047000090F83D3045
:10515000012B22D1022380F83D300368114A93428B
:1051600010D0B3F1804F0DD0A2F59432934209D004
:1051700002F58062934205D01A6842F001021A607B
:10518000002070479A6802F00702062A07D01A68C2
:1051900042F001021A600020704701207047002091
:1051A000704700BF002C014090F83D30012B27D103
:1051B000022380F83D300268D36843F00103D360D6
:1051C0000368114A934210D0B3F1804F0DD0A2F57D
:1051D0009432934209D002F58062934205D01A6856
:1051E00042F001021A60002070479A6802F007023C
:1051F000062A07D01A6842F001021A6000207047A0
:105200000120704700207047002C01407047704714
:105210007047704770B504460368DE681D6915F075
:10522000020F10D016F0020F0DD06FF002021A61BB
:105230000123037703689B6913F0030F5ED0FFF728
:10524000E6FF0023237715F0040F12D016F0040FA9
:105250000FD023686FF004021A61022323772368BA
:105260009B6913F4407F4FD02046FFF7D0FF002307
:10527000237715F0080F12D016F0080F0FD023680F
:105280006FF008021A61042323772368DB6913F0A7
:10529000030F40D02046FFF7BAFF0023237715F015
:1052A000100F12D016F0100F0FD023686FF01002FD
:1052B0001A61082323772368DB6913F4407F31D018
:1052C0002046FFF7A4FF0023237715F0010F02D03B
:1052D00016F0010F2DD115F0800F02D016F0800FBF
:1052E0002FD115F0400F02D016F0400F31D115F03C
:1052F000200F02D016F0200F33D170BDFFF786FFCC
:105300002046FFF785FF9CE72046FFF77FFF2046FA
:10531000FFF77EFFABE72046FFF778FF2046FFF759
:1053200077FFBAE72046FFF771FF2046FFF770FFCF
:10533000C9E723686FF001021A612046FDF71CFFE0
:10534000C9E723686FF080021A61204600F041F936
:10535000C7E723686FF040021A612046FFF759FF44
:10536000C5E723686FF020021A61204600F030F98B
:10537000C3E7000003681F4A90420AD0B0F1804F93
:1053800007D0A2F59432904203D002F58062904299
:1053900003D123F070034A681343164A90420AD09F
:1053A000B0F1804F07D0A2F59432904203D002F5BD
:1053B0008062904203D123F44073CA68134323F000
:1053C00080034A69134303608B68C3620B6883627E
:1053D000084B98420AD001234361036913F0010F7F
:1053E00003D0036923F00103036170470B69036372
:1053F000F1E700BF002C014040B310B5044690F81F
:105400003D30F3B1022384F83D30214651F8040BBE
:10541000FFF7B0FF012384F8463084F83E3084F86B
:105420003F3084F8403084F8413084F8423084F8CA
:10543000433084F8443084F8453084F83D3000200F
:1054400010BD80F83C30FEF7ADF8DBE70120704777
:10545000D0F808C02CF47F4C42EA03220A4342EA07
:105460000C028260704790F83C30012B78D010B568
:105470000446012380F83C30022380F83D30026866
:10548000936823F47F4323F0770393600B68602BCA
:105490004CD023D8402B54D011D8202B03D00AD87D
:1054A0000BB1102B05D119462068FFF746FE0020EE
:1054B00028E0012026E0302BF5D0012022E0502BFF
:1054C0000AD1CA6849680068FFF710FE50212068B9
:1054D000FFF733FE002015E0012013E0B3F5805FF5
:1054E0003AD0B3F5005F14D0702B37D1CB684A683F
:1054F00089680068FFF7ACFF2268936843F0770380
:1055000093600020012384F83D30002384F83C3070
:1055100010BDCB684A6889680068FFF799FF226868
:10552000936843F4804393600020EBE7CA684968BE
:105530000068FFF7EEFD60212068FFF7FEFD002008
:10554000E0E7CA6849680068FFF7D0FD402120689D
:10555000FFF7F3FD0020D5E70020D3E70120D1E7D6
:105560000220704790F83C20012A2DD000B5034658
:10557000012280F83C20022280F83D200268506819
:10558000D2F808E020F0700C086840EA0C00506087
:105590001A680E4882420AD0B2F1804F07D0A0F5B7
:1055A0009430824203D000F58060824205D12EF013
:1055B000800E496841EA0E019160012283F83D2086
:1055C000002083F83C0000BD02207047002C014001
:1055D0007047704784B004A800E90E00002004B0B2
:1055E000704703460020A3F844004FF43F42A3F85D
:1055F00040207047B0F840309BB223F47C535B04EA
:105600005B0CA0F84030002070470020704784B049
:10561000844604A800E90E000123ACF840300020C5
:10562000ACF84000ACF84400ACF8500004B070474F
:1056300000B5034691F800C030F82C2092B222F455
:10564000EC4222F0700292B2C878022867D008D8E3
:1056500078B1012803D142F4806200200BE00120E0
:1056600009E0032803D142F4C062002003E00120D6
:1056700001E042F4007248F2800E42EA0E0223F882
:105680002C2091F800C033F82C2092B222F4E04292
:1056900022F0700242EA0C0242EA0E0223F82C20A9
:1056A0000A7B002A40F0DC804A78002A48D0B3F810
:1056B000502092B21A4491F800C002EB0C12B1F8DB
:1056C00006C04FEA5C0C4FEA4C0CA2F800C491F8FB
:1056D00000C033F82C2012F0400F0CD033F82C20EF
:1056E00092B222F4E04222F0700242F4004242F010
:1056F000C00223F82C20CA78012A12D0097833F886
:10570000212092B222F4E04222F0400282F02002F4
:1057100042F4004242F0800223F821201AE10020E6
:10572000A9E7097833F8212092B222F4E04222F06E
:10573000400242F4004242F0800223F8212009E1B5
:10574000B3F8502092B21A4491F800C002EB0C1248
:10575000B1F806C04FEA5C0C4FEA4C0CA2F808C442
:10576000B3F8502092B21A4491F800C002EB0C1228
:10577000B2F80CC4CCF3090CA2F80CC4D1F810C0D8
:10578000BCF13E0F3AD94FEA5C1E1CF01F0F01D14D
:105790000EF1FF3EB2F80CC41FFA8CFC4FEA8E2EBD
:1057A0001FFA8EFE4CEA0E0C4CF4004CA2F80CC40E
:1057B00091F800C033F82C2012F4804F0CD033F84D
:1057C0002C2092B222F4E04222F0700242F44042D5
:1057D00042F0800223F82C20097889BB33F821207D
:1057E00092B222F4804222F0700282F4405242F4DB
:1057F000004242F0800223F82120ABE0BCF1000F10
:105800000AD1B2F80CC46FEA4C4C6FEA5C4C1FFA38
:105810008CFCA2F80CC4CBE74FEA5C0E1CF0010F25
:1058200001D00EF1010EB2F80CC41FFA8CFC4FEA45
:105830008E2E1FFA8EFE4CEA0E0CA2F80CC4B7E7AF
:1058400033F8212092B222F4804222F0700282F4D6
:10585000005242F4004242F0800223F8212079E015
:10586000CA78022A77D091F800C033F82C2092B27F
:1058700022F4E24222F0700242F4004242F080023E
:1058800023F82C20B3F8502092B21A4491F800C0AB
:1058900002EB0C12B1F808C04FEA5C0C4FEA4C0C5A
:1058A000A2F800C4B3F8502092B21A4491F800C094
:1058B00002EB0C12B1F80AC04FEA5C0C4FEA4C0C38
:1058C000A2F808C44A78002A55D191F800C033F8EC
:1058D0002C2012F4804F0CD033F82C2092B222F4FA
:1058E000E04222F0700242F4404242F0800223F88B
:1058F0002C2091F800C033F82C2012F0400F0CD06F
:1059000033F82C2092B222F4E04222F0700242F4EA
:10591000004242F0C00223F82C2091F800E033F856
:105920002E2092B222F4804222F0700282F4405281
:1059300048F2800C42EA0C0223F82E20097833F852
:10594000212092B222F4E04222F0400242EA0C020C
:1059500023F8212000BD91F800C033F82C2092B22A
:1059600022F4E04222F0700242F4014242F080024E
:1059700023F82C2086E791F800C033F82C2012F48D
:10598000804F0CD033F82C2092B222F4E04222F067
:10599000700242F4404242F0800223F82C2091F839
:1059A00000C033F82C2012F0400F0CD033F82C201C
:1059B00092B222F4E04222F0700242F4004242F03D
:1059C000C00223F82C20CA78012A1FD091F800C009
:1059D00033F82C2092B222F4E04222F0400282F00E
:1059E000200242F4004242F0800223F82C20097881
:1059F00033F8212092B222F4804222F0700242F465
:105A0000004242F0800223F82120A3E791F800C071
:105A100033F82C2092B222F4E04222F0400242F409
:105A2000004242F0800223F82C20E0E70B7B002BA1
:105A300046D14B7813B30A7830F8223013F0400F78
:105A40000CD030F822309BB223F4E04323F07003F3
:105A500043F4004343F0C00320F822300A7830F8C2
:105A600022309BB223F4E04323F0400343F400438D
:105A700043F0800320F82230002070470A7830F885
:105A8000223013F4804F0CD030F822309BB223F434
:105A9000E04323F0700343F4404343F0800320F8D5
:105AA00022300A7830F822309BB223F4804323F06E
:105AB000700343F4004343F0800320F82230DBE717
:105AC0004B78002B4ED10A7830F8223013F4804FF7
:105AD0000CD030F822309BB223F4E04323F0700363
:105AE00043F4404343F0800320F822300A7830F832
:105AF000223013F0400F0CD030F822309BB223F448
:105B0000E04323F0700343F4004343F0C00320F864
:105B100022300A7830F822309BB223F4E04323F09D
:105B2000700343F4004343F0C00320F822300A78A6
:105B300030F822309BB223F4804323F0700348F204
:105B4000800C43EA0C0320F822300A7830F8223027
:105B50009BB223F4E04323F0400343EA0C0320F814
:105B6000223089E70A7830F8223013F4804F0CD0C5
:105B700030F822309BB223F4E04323F0700343F467
:105B8000404343F0800320F822300A7830F8223076
:105B900013F0400F0CD030F822309BB223F4E043D6
:105BA00023F0700343F4004343F0C00320F8223095
:105BB0000A7830F822309BB223F4E04323F07003DC
:105BC00043F4404343F0800320F822300A7830F851
:105BD00022309BB223F4E04323F0400348F2800CD0
:105BE00043EA0C0320F822300A7830F822309BB2C6
:105BF00023F4804323F0700343EA0C0320F822309F
:105C00003AE74B788BB10A7830F822309BB223F414
:105C1000E04323F0400383F0100343F4004343F0D8
:105C2000800320F82230002070470A7830F82230B4
:105C30009BB223F4804323F0700383F4805343F436
:105C4000004343F0800320F82230ECE70B7B002B6D
:105C50004BD14B7833B30A7830F8223013F0400F31
:105C60000CD030F822309BB223F4E04323F07003D1
:105C700043F4004343F0C00320F82230CB78012BDB
:105C800033D00A7830F822309BB223F4E04323F07B
:105C9000400383F0200343F4004343F0800320F8E3
:105CA000223022E00A7830F8223013F4804F0CD0F2
:105CB00030F822309BB223F4E04323F0700343F426
:105CC000404343F0800320F822300A7830F8223035
:105CD0009BB223F4804323F0700383F4405343F4D6
:105CE000004343F0800320F822300020704711B9B0
:105CF0008023A0F84C30002070470020704700201F
:105D00007047B0F8440080B27047002070470133FC
:105D10005B0800EB420000F5806008E00A7891F82B
:105D200001C042EA0C2220F8042B0231013B002B77
:105D3000F4D1704770B505460C464A78012A3BD02D
:105D40000B7B002B40F0A7828B690A69934240F2DB
:105D500085829B1A8B61B5F850309BB22B44217819
:105D600003EB0113B3F80C14C1F30901A3F80C14ED
:105D70003E2A40F27782510912F01F0F00D10139FB
:105D8000B3F80C2492B2890289B20A4342F4004269
:105D9000A3F80C24227835F822309BB223F48043F8
:105DA00023F0700383F4405343F4004343F0800333
:105DB00025F82230002070BD8B691E4609698B4290
:105DC00000D90E46237B73B3E378022B4DD0236AB0
:105DD0009B1B2362217835F8213013F0400F00F02F
:105DE000F581002A40F0E281B5F850309BB22B4497
:105DF00003EB0113B3F80C24C2F30902A3F80C243B
:105E00003E2E40F2BA81710916F01F0F00D1013900
:105E1000B3F80C2492B2890289B20A4342F40042D8
:105E2000A3F80C24CBE1B6B23346E2886169284678
:105E3000FFF76DFFB5F850309BB22B44227803EB8F
:105E40000213A3F80464227835F822309BB223F4BD
:105E5000E04323F0400383F0300343F4004343F076
:105E6000800325F822300020A5E7236A994280F0BC
:105E70006681227835F822309BB223F4E04323F088
:105E8000700343F4014343F0800325F82230236A72
:105E90009B1B2362227835F8223013F0400F00F06C
:105EA000A7806378B3BBB5F850309BB22B4403EBAB
:105EB0000213B3F80C24C2F30902A3F80C243E2EFB
:105EC0000FD9710916F01F0F00D10139B3F80C2456
:105ED00092B2890289B20A4342F40042A3F80C2428
:105EE0001AE04EB9B3F80C246FEA42426FEA52420C
:105EF00092B2A3F80C240FE0720816F0010F00D044
:105F00000132B3F80C1489B2920292B20A43A3F898
:105F10000C2401E0012B30D0B3B2628961692846BC
:105F2000FFF7F5FE636933446361236A2269934294
:105F30002DD99B1B23626378002B45D1B5F85030D7
:105F40009BB22B44227803EB0213B3F80424C2F370
:105F50000902A3F804243E2E1DD9710916F01F0F63
:105F600000D10139B3F8042492B2890289B20A43FC
:105F700042F40042A3F8042428E0B5F850309BB264
:105F80002B4403EB0213B2B2A3F80C24C4E70022A3
:105F900022621E46CFE74EB9B3F804246FEA4242AC
:105FA0006FEA524292B2A3F804240FE0720816F08E
:105FB000010F00D00132B3F8041489B2920292B2F8
:105FC0000A43A3F8042401E0012B06D0B3B22289CE
:105FD00061692846FFF79BFE35E7B5F850309BB264
:105FE0002B44227803EB0213B2B2A3F80424EDE7AA
:105FF0006378B3BBB5F850309BB22B4403EB02136C
:10600000B3F80424C2F30902A3F804243E2E0FD9E6
:10601000710916F01F0F00D10139B3F8042492B2B0
:10602000890289B20A4342F40042A3F804241AE028
:106030004EB9B3F804246FEA42426FEA524292B278
:10604000A3F804240FE0720816F0010F00D001320B
:10605000B3F8041489B2920292B20A43A3F804245A
:1060600001E0012B30D0B3B2228961692846FFF7E5
:106070004EFE636933446361236A226993422DD9DA
:106080009B1B23626378002B45D1B5F850309BB23F
:106090002B44227803EB0213B3F80C24C2F3090259
:1060A000A3F80C243E2E1DD9710916F01F0F00D144
:1060B0000139B3F80C2492B2890289B20A4342F43E
:1060C0000042A3F80C2428E0B5F850309BB22B44D2
:1060D00003EB0213B2B2A3F80424C4E70022226245
:1060E0001E46CFE74EB9B3F80C246FEA42426FEA7E
:1060F000524292B2A3F80C240FE0720816F0010F7E
:1061000000D00132B3F80C1489B2920292B20A4361
:10611000A3F80C2401E0012B06D0B3B262896169B7
:106120002846FFF7F4FD8EE6B5F850309BB22B44BD
:10613000227803EB0213B2B2A3F80C24EDE7217826
:1061400035F8212092B222F4E24222F0700242F4A9
:10615000004242F0800225F82120B5F8502092B28A
:106160002A44217802EB01129BB2A2F8043422895E
:1061700061692846FFF7CBFD65E64EB9B3F80C24FC
:106180006FEA42426FEA524292B2A3F80C2416E040
:10619000720816F0010F00D00132B3F80C1489B266
:1061A000920292B20A43A3F80C2408E0B5F85030EA
:1061B0009BB22B4403EB0113B2B2A3F80C24B3B28D
:1061C000628961692846FFF7A2FD3CE6B2BBB5F8DB
:1061D00050309BB22B4403EB0113B3F80424C2F3F9
:1061E0000902A3F804243E2E0FD9710916F01F0FDF
:1061F00000D10139B3F8042492B2890289B20A436A
:1062000042F40042A3F8042421E04EB9B3F8042478
:106210006FEA42426FEA524292B2A3F8042416E0B7
:10622000720816F0010F00D00132B3F8041489B2DD
:10623000920292B20A43A3F8042408E0B5F8503061
:106240009BB22B4403EB0113B2B2A3F80424B3B204
:10625000228961692846FFF75AFDF4E500228A6128
:106260001A4678E54AB9B3F80C246FEA42426FEA5D
:10627000524292B2A3F80C248CE5510812F0010F9F
:1062800000D00131B3F80C2492B2890289B20A43DA
:10629000A3F80C247EE5CB78022B4DD0012B40F0E7
:1062A000338189692369994240F2EA80C91AA16160
:1062B000F2B9B5F8502092B22A44217802EB0112CB
:1062C000B2F80414C1F30901A2F804143E2B40F201
:1062D000DB80580913F01F0F00D10138B2F8041405
:1062E00089B2800280B2014341F40041A2F8041453
:1062F0006278002A40F0FA80B5F8502092B22A4421
:10630000217802EB0112B2F80C14C1F30901A2F8D2
:106310000C143E2B40F2D180590913F01F0F00D10D
:106320000139B2F80C349BB2890289B20B4343F4B1
:106330000043A2F80C342DE5F2B9B0F850309BB20E
:1063400003440A7803EB0213B3F80424C2F30902EE
:10635000A3F804240A693E2A31D9510912F01F0F0B
:1063600000D10139B3F8042492B2890289B20A43F8
:1063700042F40042A3F804246378002B51D1B5F80D
:1063800050309BB22B44227803EB0213B3F80C2459
:10639000C2F30902A3F80C2422693E2A28D9510924
:1063A00012F01F0F00D10139B3F80C2492B2890208
:1063B00089B20A4342F40042A3F80C2433E04AB9FC
:1063C000B3F804246FEA42426FEA524292B2A3F851
:1063D0000424D1E7510812F0010F00D00131B3F8C5
:1063E000042490B28A0292B20243A3F80424C3E7C1
:1063F0004AB9B3F80C246FEA42426FEA524292B2B1
:10640000A3F80C240FE0510812F0010F00D0013165
:10641000B3F80C2490B28A0292B20243A3F80C247F
:1064200001E0012B1CD0E369002B3FF4B3AC2278D0
:1064300035F8223099B213F4804F1CD011F0400F80
:106440003FF4A8AC35F822309BB223F4E04323F0AC
:10645000700343F4004343F0C00325F8223099E46D
:10646000B5F850309BB22B44227803EB0213228AFA
:10647000A3F80C24D7E711F0400F7FF48BACE1E7D1
:106480000023A3610B4613E74BB9B2F804146FEA7B
:1064900041416FEA514189B2A2F8041428E7590832
:1064A00013F0010F00D00131B2F8040480B2890268
:1064B00089B20143A2F804141AE74BB9B2F80C34BC
:1064C0006FEA43436FEA53439BB2A2F80C3461E492
:1064D000590813F0010F00D00131B2F80C3498B212
:1064E0008B029BB20343A2F80C3453E4012A7FF4DD
:1064F00051ACB5F8502092B22A44217802EB011237
:106500009BB2A2F80C3445E4012054E49C465B089D
:1065100000EB420000F5806007E030F8042B0A70C1
:10652000C2F307224A700231013B002BF5D11CF067
:10653000010F01D003880B70704710B5D0F8B84236
:10654000D0F8BC325BB194F80002FF2807D09B68FA
:1065500094F8012221469847FF2384F80032002056
:1065600010BD000043230380004870475000002006
:106570004323038000487047940000204323038096
:10658000004870470C0000200A2303800048704731
:106590001001002038B50446D0F8B85202F0F5FFDB
:1065A000C5F80C02D4F8B8324BB1D4F8BC32DB6871
:1065B00005F50371D5F804029847002038BD022084
:1065C000FCE7D0F8B822D0F8C0C202B308B501EB9E
:1065D000810300EB8303DB6953B101EB810E0CEB0C
:1065E000CE0CDCF820C0B3FBFCFE0CFB1E3323B149
:1065F0000023C2F81432002008BD01EB810300EB38
:1066000083030022DA61134602F0AFFFF3E70220B2
:10661000704770B582B006460C46D0F8B812002319
:106620008DF80730ADF80430237813F0600526D0DC
:10663000202D56D1E288D2B113F0800F0CD0D0F8C3
:10664000BC329B680D4660789847E2882946304600
:1066500000F0A4FD002548E0637881F80032A379BA
:1066600081F80132E28800F0AEFD00253DE0D0F86F
:10667000BC329B68214660789847002535E06378F6
:106680000A2B11D00B2B1ED01D462BBB90F89C3231
:10669000032B04D0214600F054FA022525E0022203
:1066A00001A900F07BFD20E090F89C32032B04D080
:1066B000214600F046FA022517E001220DF10701FC
:1066C00000F06CFD11E090F89C32032B0DD02146B8
:1066D00000F037FA022508E0214600F032FA0225E0
:1066E00003E0214600F02DFA0225284602B070BDD5
:1066F00038B50446812102F002FF0025E562012140
:10670000204602F0FCFEC4F86C518221204602F0C3
:10671000F6FE2564D4F8B8324BB1D4F8BC325B68CD
:106720009847D4F8B80202F03BFFC4F8B8520020F2
:1067300038BD70B50446037CABBB4FF40073022236
:10674000812102F0D1FE0125E5624FF4007302229F
:106750002946204602F0C8FEC4F86C5108230322E3
:106760008221204602F0C0FE012323644FF407700B
:1067700002F012FF0546C4F8B80268B3D4F8BC3280
:106780001B6898470023C5F81432C5F81832267CD8
:10679000CEB94FF40073D5F804220121204602F04F
:1067A000ECFE304670BD40230222812102F09CFEA7
:1067B0000125E562402302222946204602F094FE8C
:1067C000C4F86C51CAE74023D5F8042201212046C1
:1067D00002F0D3FE0026E4E70126E2E719B1C0F893
:1067E000BC120020704702207047D0F8B832C3F8BE
:1067F0000812C3F8102200207047D0F8B832C3F84E
:10680000041200207047D0F8B82292B108B5037C7A
:1068100043B94FF40073D2F80422012102F0ADFE17
:10682000002008BD4023D2F80422012102F0A5FE79
:10683000F6E70220704798B108B50346D0F8B402D5
:1068400010B10020C3F8B40209B1C3F8B01201219D
:1068500083F89C121A70184602F0FCFD002008BD57
:106860000220704719B1C0F8B4120020704702200E
:10687000704708B502F030FE002008BD08B5D0F81A
:10688000B4322BB11B68984700B908BD0220FCE761
:106890000220FAE708B5D0F8B4325B6898470020C8
:1068A00008BD38B5044600F52A75284600F035F9CC
:1068B0000123C4F89432B4F8AE32C4F8983294F894
:1068C000A81201F01F03012B08D0022B0BD07BB9BB
:1068D0002946204600F0E4FA002038BD294620462B
:1068E00000F017FBF8E72946204600F042FBF3E7EB
:1068F00001F08001204602F00AFEEDE738B50446BB
:106900000D4691BB1346D0F89422032A03D0052AE2
:1069100024D0084633E0D0F86011D0F864219142C9
:106920000DD9891AC0F860118A4206D98AB219466F
:10693000204600F057FC284621E092B2F7E7D0F855
:10694000B4321B691BB190F89C22032A04D0204664
:1069500000F050FC284612E09847F8E70021C0F804
:10696000941202F0D4FD284609E0D0F8B4329B69B5
:1069700033B190F89C22032A04D19847002038BDF7
:106980000220FCE70220FAE738B504460D4600294C
:1069900053D11346D0F89422022A0CD0042A00D0F6
:1069A0001AB98021204602F0B2FD94F8A032012BE2
:1069B0003ED0284638BD026A416A8A421BD8C26965
:1069C000B2FBF1F301FB13232BB9914203D8D0F8AA
:1069D00098329A421CD3D4F8B432DB681BB194F8D5
:1069E0009C22032A21D08021204602F090FD2046DF
:1069F00000F00BFCD9E7521A026292B2194600F07D
:106A0000DAFB00231A461946204602F0B6FDCCE711
:106A10000022114600F0CFFB0021C4F898120B466B
:106A20000A46204602F0A9FDBFE720469847DAE76C
:106A3000002384F8A0322846BCE7D0F8B4325B6962
:106A400033B190F89C22032A04D198470020B1E783
:106A50000220AFE70220ADE770B5044640230022D4
:106A6000114602F041FD0125C4F858514026C4F8F2
:106A70006461334600228021204602F035FDA56185
:106A8000666284F89C520023C4F894326360C4F8B0
:106A9000A432D4F8B8322BB1D4F8B4325B680021F8
:106AA00020469847002070BD01740020704790F880
:106AB0009C3280F89D32042380F89C32002070477D
:106AC00090F89C32042B01D00020704790F89D3242
:106AD00080F89C32F8E708B590F89C32032B01D07F
:106AE000002008BDD0F8B432DB69002BF8D09847FD
:106AF000F6E70346002002E00130C0B201331A7805
:106B0000002AF9D1704708B54B88012B00D008BD89
:106B1000C0F8A43200F06EFBF9E70B7803704B78F5
:106B200043708B78CA7803EB022343800B794A7950
:106B300003EB022383808B79CA7903EB0223C380A2
:106B4000704710B50446802102F0E1FC0021204688
:106B500002F0DDFC10BD30B583B005460C460023C5
:106B6000ADF806304A88130A032B3FD012D9062B02
:106B700000F09880072B40F0A480037C002B40F0AD
:106B80009D80D0F8B4321B6B0DF1060098470723A7
:106B9000437016E0012B0DD0022B40F09280037C55
:106BA000DBB9D0F8B4329B6A0DF106009847022396
:106BB000437006E0D0F8B0321B680DF10601007C8E
:106BC0009847BDF8062012B1E388002B7ED1E388F8
:106BD000002B00F0858003B030BDD0F8B432DB6A02
:106BE0000DF10600984702234370EAE7D2B2032A68
:106BF00038D00ED8012A1DD0022A27D0002A4CD125
:106C0000D0F8B0325B6893B10DF10601007C984773
:106C1000D7E7042A32D0052A3FD1D0F8B0329B6999
:106C2000002B37D00DF10601007C9847C9E7FFF72C
:106C300088FFD0E7D0F8B0329B6823B10DF1060190
:106C4000007C9847BDE7FFF77CFFC4E7D0F8B0327F
:106C5000DB6823B10DF10601007C9847B1E7FFF72F
:106C600070FFB8E7D0F8B0321B6923B10DF106010F
:106C7000007C9847A5E7FFF764FFACE7D0F8B03297
:106C80005B6923B10DF10601007C984799E7FFF796
:106C900058FFA0E7FFF755FF9DE721462846FFF77D
:106CA00050FF98E7037C33B9D0F8B4325B6B0DF139
:106CB0000600984785E7FFF744FF8CE7FFF741FFA1
:106CC00089E721462846FFF73CFF84E79A4228BF20
:106CD0001A46ADF806200146284600F05FFA76E72E
:106CE000284600F087FA76E738B504468B8803BB60
:106CF000CB88F3B94B887F2B1BD803F07F031A4650
:106D000090F89C32032B0DD0154684F89E22114634
:106D100002F023FC204600F06DFA35B1022384F81E
:106D20009C3209E0FFF70DFF06E0012384F89C3256
:106D300002E02046FFF705FF38BD000038B50446E5
:106D400008460D464B88D9B22D4A117001290FD83B
:106D500094F89C22022A10D0032A26D0014620460D
:106D6000FFF7EFFE264B19782046FFF793FD03E06F
:106D700001462046FFF7E5FE38BD91B1DBB2636006
:106D8000032384F89C322046FFF778FD022803D0C5
:106D9000204600F02FFAEFE729462046FFF7D1FE04
:106DA000EAE7204600F026FAE6E799B1DBB261682F
:106DB0008B4220D0C9B22046FFF76CFD104B1978EA
:106DC00061602046FFF75AFD02280FD0204600F0F0
:106DD00011FAD1E7022284F89C22DBB263602046DC
:106DE000FFF758FD204600F005FAC5E72946204682
:106DF000FFF7A7FEC0E7204600F0FCF9BCE700BFA4
:106E00001020002008B5CB88012B0AD190F89C32C5
:106E1000022B09D9032B11D10122011D00F0BEF96B
:106E200001E0FFF78EFE08BD5BB23BB101460023D7
:106E300041F8083F012200F0B1F9F4E7FFF781FEC5
:106E4000F1E708B590F89C32013B022B12D8CB88B1
:106E5000022B0CD10123C360D0F8A4320BB1032361
:106E6000C360022200F10C0100F098F908BDFFF7A1
:106E700068FEFBE7FFF765FEF8E708B590F89C327F
:106E8000013B022B09D84B88012B00D008BD002301
:106E9000C0F8A43200F0AEF9F8E7FFF752FEF5E7CC
:106EA00008B50B7803F06003202B05D0402B03D0EE
:106EB00043B1FFF746FE03E0D0F8B4329B68984731
:106EC000002008BD4B78052B11D007D8012B1AD014
:106ED000032B15D0D3B9FFF7B4FFF1E7082B0CD083
:106EE000092B07D0062B11D1FFF735FEE8E7FFF796
:106EF000FBFEE5E7FFF722FFE2E7FFF783FFDFE7AF
:106F0000FFF701FEDCE7FFF7B8FFD9E7FFF719FE4F
:106F1000D6E738B505460C460B7803F06003202B06
:106F200006D0402B04D01BB1FFF70BFE002038BD6C
:106F300095F89C32013B022B16D82379012B0ED8F1
:106F4000D5F8B4329B68214628469847E388002B41
:106F5000ECD10028EAD1284600F04CF9E6E72146BA
:106F60002846FFF7EEFDE1E721462846FFF7E9FD59
:106F7000DCE770B505468B880C7804F06004202CA3
:106F800007D0DAB2402C04D05CB1FFF7DAFD002460
:106F900005E0D5F8B4329B6828469847002420467F
:106FA00070BD202C0BD048780646012837D0032826
:106FB0000BD000285CD02846FFF7C3FDEFE7D0F8E0
:106FC000B4329B6898470446E9E795F89C32022B57
:106FD00005D0032B13D02846FFF7B3FDDFE70AB136
:106FE000802A03D12846FFF7ACFDD8E71146284692
:106FF00002F08DFA8021284602F089FACFE74B880B
:1070000023B91AB1802A01D0CB881BB1284600F0E1
:10701000F1F8C4E71146284602F079FAF6E795F848
:107020009C02022805D0032813D02846FFF789FDCB
:10703000B5E70AB1802A03D12846FFF782FDAEE703
:107040001146284602F063FA8021284602F05FFAD2
:10705000A5E749880029A2D113F07F0F03D1284664
:1070600000F0C8F89BE71146284602F058FAF6E708
:1070700095F89C02022806D0032829D02846FFF75D
:1070800060FD34468BE70AB1802A13D113F0800FDC
:1070900015D103F07F0303EB8303990001F5A87179
:1070A0002944043100230B600222284600F076F8C0
:1070B000344674E72846FFF744FD34466FE703F093
:1070C0007F0303EB83039900103129440431E9E77E
:1070D0005CB2002C1FDB03F00F0000EB800005EB1F
:1070E0008000D0F8580120B3002C27DB03F07F0389
:1070F00003EB83039C0004F5A8742C4404340AB108
:10710000802A24D10023236002222146284600F051
:1071100045F8344643E703F00F0000EB800005EB31
:10712000800080690028DFD12846FFF70AFD344639
:1071300035E72846FFF705FD344630E703F07F03C7
:1071400003EB83039C0010342C440434D7E711462E
:10715000284602F0ECF910B101232360D4E7206047
:10716000D2E7D0B170B50D4616460446FFF7C1FC14
:10717000431C5B009BB233802B7003236B70022394
:1071800007E001345A1CD2B2E8540233DBB20021CA
:10719000A95420780028F4D170BD704708B5134673
:1071A0000222C0F89422C36103620A46002102F061
:1071B000DCF9002008BD08B513460A46002102F09C
:1071C000D4F9002008BD08B513460322C0F8942264
:1071D000C0F85C31C0F860310A46002102F0CDF9F8
:1071E000002008BD08B513460A46002102F0C5F983
:1071F000002008BD08B50423C0F8943200231A46C5
:10720000194602F0B2F9002008BD08B50523C0F800
:10721000943200231A46194602F0AFF9002008BD47
:1072200008B54FF0E0231B6901F0FCFC012800D1F8
:1072300008BD00F08FFAFBE7EFF305832BB9064B8F
:10724000186828B901221A6070476FF0050070476E
:107250004FF0FF30704700BFCC24002008B5EFF39B
:10726000058373B90A4B1B68012B0DD1094B4FF0F5
:107270000002DA77064B02221A6001F01DFA0020A4
:1072800008BD6FF00500FBE74FF0FF30F8E700BFE7
:10729000CC24002000ED00E008B5EFF3058313B126
:1072A00001F064FA08BD01F05BFAFBE770B586B047
:1072B00000230593EFF3058343BB38B3002A3DD089
:1072C000D2F800E093692BB11D46013B372B03D95F
:1072D00000201CE018231D46536813F0010F44D111
:1072E000D2F814C0BCF1000F13D04FEA9C031E4625
:1072F00093683BB1D4685B2C04D9146914B1BCF118
:10730000000F11D143B14FF0FF330BB3059806B016
:1073100070BD80231E46EBE7D368B3B91369002B19
:10732000F3D04FF0FF33F0E70293019400950B4642
:107330003246714601F04AF90590E7E79646134652
:107340001822154680221646DFE74FF0FF33DCE7B0
:1073500005AB019300950B46B2B2714601F07AF984
:107360000128D3D000230593D0E70020CFE708B54C
:10737000EFF305832BB900B908BD01F00DFB002028
:10738000FAE76FF00500F7E730B583B0EFF3058358
:10739000002B3CD1144600283ED000293ED08AB3B1
:1073A000936853B1D2684F2A07D922692AB101FBE9
:1073B00000FCD4F814E0E6451CD273B14FF0FF3363
:1073C00073BB1A4600F0E9FC054615B304B1246806
:1073D0002146284600F03AFF1BE0E368A3B9236981
:1073E00013B14FF0FF33EBE76369002BE8D04FF0A8
:1073F000FF33E5E74FF0000CCDF800C000F083FC50
:107400000546E2E71346DBE74FF0FF33D8E70023FA
:107410001D46284603B030BD0546FAE70D46F8E79D
:1074200000231D46F5E710B582B01A46EFF3058339
:10743000C3B110B321B313462ABB019201AA00F0D5
:1074400094FD012822D1019850B14FF0E0234FF074
:107450008052C3F8042DBFF34F8FBFF36F8F00200E
:1074600002B010BDA8B1B9B1144600F0BAFC0128B1
:1074700015D0B4B16FF00100F2E76FF00300EFE751
:107480006FF00300ECE76FF00300E9E76FF0020034
:10749000E6E76FF00300E3E76FF00300E0E70020AA
:1074A000DEE76FF00200DBE710B582B01A46EFF3BB
:1074B0000583BBB108B319B32ABB019201AA00F03E
:1074C0006CFE012822D1019850B14FF0E0234FF01B
:1074D0008052C3F8042DBFF34F8FBFF36F8F00208E
:1074E00002B010BDA8B1B9B1144600F0A7FD012843
:1074F00015D0B4B16FF00100F2E76FF00300EFE7D1
:107500006FF00300ECE76FF00300E9E76FF00200B3
:10751000E6E76FF00300E3E76FF00300E0E7002029
:10752000DEE76FF00200DBE7034B0360034B0B6009
:1075300080231360704700BF702400207022002059
:10754000034B0360034B0B6080231360704700BF45
:10755000142200201420002000F1080343604FF0A3
:10756000FF328260C3600361002303607047002321
:107570000361704743684B609A688A605160996004
:107580000861036801330360704700B5024608468E
:10759000D1F800C0BCF1FF3F11D002F10803194639
:1075A0005B68D3F800E0E645F9D94B684360986022
:1075B00081604860026113680133136000BD116986
:1075C000F3E70369416882688A60416851605A68DC
:1075D000824206D0002202611A68013A1A601868D5
:1075E000704782685A60F5E782B0002301930D4B23
:1075F0001B68B3F1FF3F08D04FF0500383F31188AD
:10760000BFF36F8FBFF34F8FFEE74FF0500383F34D
:107610001188BFF36F8FBFF34F8F019B002BFCD0FE
:1076200002B070471C01002006480068006880F323
:10763000088862B661B6BFF34F8FBFF36F8F00DF6C
:1076400000BF000008ED00E04FF0807340F8043CFC
:1076500021F0010140F8081C034B40F80C3C40F8B5
:10766000202C4038704700BFE9750008000000007A
:10767000074B19680868B0E8F00F80F30988BFF37A
:107680006F8F4FF0000080F311884EF00D0E7047A1
:10769000342E00204FF0500383F31188BFF36F8F17
:1076A000BFF34F8F0B4A136801331360012B00D0D7
:1076B00070474FF0E023D3F8043D13F0FF0FF7D0ED
:1076C0004FF0500383F31188BFF36F8FBFF34F8FD9
:1076D000FEE700BF1C010020094B1B6843B94FF0B7
:1076E000500383F31188BFF36F8FBFF34F8FFEE713
:1076F000013B034A13600BB983F31188704700BF45
:107700001C0100200000000000000000000000003C
:10771000EFF30980BFF36F8F0D4B1A6820E9F00F6C
:10772000106008B54FF0500080F3118801F05AF94D
:107730004FF0000080F31188BDE808401968086820
:10774000B0E8F00F80F30988BFF36F8F704700BF78
:10775000342E002008B54FF0500383F31188BFF397
:107760006F8FBFF34F8F01F009F828B14FF0E0237E
:107770004FF08052C3F8042D002383F3118808BD15
:107780004FF0E022002313619361054B1B6805490C
:10779000A1FB03139B09013B53610723136170474E
:1077A00000000020D34D621000B583B02A4B1A7838
:1077B000D2B20192FF221A701B78DBB28DF803302F
:1077C0009DF8033003F05003244A1370244B072222
:1077D0001A6009E0224A1368013B13609DF80330E8
:1077E0005B00DBB28DF803309DF8033013F0800F9F
:1077F000F0D11B4B1B68032B08D04FF0500383F3D1
:107800001188BFF36F8FBFF34F8FFEE71B02144A3F
:10781000136003F4E0631360019BDBB20E4A137044
:107820004FF0E023D3F8202D42F47002C3F8202D4E
:10783000D3F8202D42F07042C3F8202DFFF7A0FFAF
:10784000084B00221A60FFF7EFFE01F0CBF8FFF7BC
:10785000CBFE002003B000BD00E400E0D4240020F3
:10786000D02400201C010020EFF305830F2B0ED93C
:10787000114A9A5C114B1B789A4208D24FF0500380
:1078800083F31188BFF36F8FBFF34F8FFEE74FF085
:10789000E023D3F80C3D03F4E063094A12689342F5
:1078A00008D94FF0500383F31188BFF36F8FBFF3F4
:1078B0004F8FFEE7704700BFF0E300E0D4240020C4
:1078C000D0240020124A12F0070F1ED0D11D21F043
:1078D0000701C1F5806313440A460E480260002187
:1078E00041601344083B23F007030B4803605960D1
:1078F0001960991A51601360084B1960084B1960A0
:10790000084B4FF000421A6070474FF48063E4E781
:10791000F8240020F0240020EC240020E42400209F
:10792000E8240020D8240020144B1A461B68834208
:10793000FBD3516802EB010C844509D0416800EB90
:10794000010C634509D00360904200D0106070477D
:107950004068014451601046F0E7DFF824C0DCF8CD
:1079600000C0634506D05B681944416013681B681A
:107970000360E9E7C0F800C0E6E700BFF02400209C
:10798000EC24002038B5044600F0E2FE3D4B1B68B5
:10799000ABB13D4B1B681C4214D1002C6AD004F1E2
:1079A000080214F0070F02D022F007020832D2B109
:1079B000364B1B6893421AD335490C681DE0FFF71C
:1079C00081FFE6E700F06CFF0025FBF75AFA15F09F
:1079D000070F55D04FF0500383F31188BFF36F8F1B
:1079E000BFF34F8FFEE700F05BFF0025EDE700F0EF
:1079F00057FF0025E9E721461C466368934202D2FF
:107A00002368002BF7D11F4B1B68A34214D00D68CD
:107A1000083523680B6063689B1A102B14D9A018D3
:107A200010F0070F0CD04FF0500383F31188BFF311
:107A30006F8FBFF34F8FFEE700F032FF0025C4E7E2
:107A400043606260FFF770FF626810490B689B1A21
:107A50000B60104909688B4201D20E490B600A4B3A
:107A60001B6813436360002323600B4A13680133D0
:107A7000136000E0254600F013FF002DA7D1A4E716
:107A8000284638BDEC240020D8240020E82400201B
:107A9000F0240020E4240020E0240020002835D039
:107AA00038B50446A0F108031D4650F8043C184AB6
:107AB0001268134208D14FF0500383F31188BFF3CB
:107AC0006F8FBFF34F8FFEE750F8081C41B14FF0A6
:107AD000500383F31188BFF36F8FBFF34F8FFEE71F
:107AE00023EA020340F8043C00F032FE54F8041C80
:107AF000084A13680B4413602846FFF715FF064A2F
:107B000013680133136000F0CBFE38BD704700BF2F
:107B1000D8240020E8240020DC24002010B50446EE
:107B2000FFF7B8FDA26BE36B9A4204D00024FFF785
:107B3000D3FD204610BD0124F9E710B50446FFF738
:107B4000A9FDA36B2BB901231C46FFF7C5FD2046F9
:107B500010BD00231C46F8E770B504461646856B39
:107B6000026C5AB903681BB100200135A56370BDD2
:107B7000806801F067F80023A360F6E76EB94068FB
:107B800004F056F86368226C13446360A268934261
:107B900019D3236863603046E7E7C06804F048F80B
:107BA000E368226C51429B1AE3602268934202D23E
:107BB000A3680B44E360022E01D00020D5E725B175
:107BC000013D0020D1E73046CFE72846CDE708B594
:107BD0000346026C62B10846D9681144D960D3F8F3
:107BE00008C0614501D31968D960D96804F020F84C
:107BF00008BD38B50546FFF74DFD95F8454064B220
:107C000001E0013C64B2002C0ADD6B6A43B105F16E
:107C1000240000F069FF0028F3D000F0FDFFF0E73A
:107C2000FF2385F84530FFF757FDFFF733FD95F843
:107C3000444064B201E0013C64B2002C0ADD2B69CF
:107C400043B105F1100000F04FFF0028F3D000F021
:107C5000E3FFF0E7FF2385F84430FFF73DFD38BD33
:107C600038B5E0B10D460446FFF714FD2368E26B1A
:107C7000216C01FB0230A0600020A0636360013A28
:107C800002FB0133E360FF2384F8443084F845307D
:107C9000FDB9236963B9FFF71FFD012038BD4FF01F
:107CA000500383F31188BFF36F8FBFF34F8FFEE74D
:107CB00004F1100000F018FF0028ECD04FF0E02392
:107CC0004FF08052C3F8042DBFF34F8FBFF36F8F77
:107CD000E1E704F11000FFF73FFC04F12400FFF797
:107CE0003BFCD8E738B51D46049C0B4649B92460D7
:107CF000E063236401212046FFF7B2FF84F84C5073
:107D000038BD2260F4E740B94FF0500383F3118887
:107D1000BFF36F8FBFF34F8FFEE710B584B01C46E3
:107D2000844653B192B189B94FF0500383F311885F
:107D3000BFF36F8FBFF34F8FFEE74FF0500383F316
:107D40001188BFF36F8FBFF34F8FFEE76AB15023E7
:107D50000393039B502B13D04FF0500383F31188F0
:107D6000BFF36F8FBFF34F8FFEE70029EFD04FF0C7
:107D7000500383F31188BFF36F8FBFF34F8FFEE77C
:107D8000039B012384F8463000949DF81830604628
:107D9000FFF7A8FF204604B010BD40B94FF05003D4
:107DA00083F31188BFF36F8FBFF34F8FFEE7F0B5FA
:107DB00083B0164604460D4601FB00F05030FFF735
:107DC000E1FD0246074648B1002380F846300090A6
:107DD0003346503229462046FFF784FF384603B029
:107DE000F0BDF0B585B0019288B10F461D4604463E
:107DF000B1B1022D20D1E36B012B1DD04FF0500308
:107E000083F31188BFF36F8FBFF34F8FFEE74FF0FF
:107E1000500383F31188BFF36F8FBFF34F8FFEE7DB
:107E2000036C002BE5D04FF0500383F31188BFF3B0
:107E30006F8FBFF34F8FFEE700F0F4FE064658B990
:107E4000019B002B48D04FF0500383F31188BFF300
:107E50006F8FBFF34F8FFEE700263DE02A4639467D
:107E60002046FFF779FE636A7BB948B14FF0E02303
:107E70004FF08052C3F8042DBFF34F8FBFF36F8FC5
:107E8000FFF72AFC012005B0F0BD04F1240000F04A
:107E90002BFE0028F4D04FF0E0234FF08052C3F8BF
:107EA000042DBFF34F8FBFF36F8FE9E7FFF714FC8B
:107EB0000020E8E702A800F05FFE012619E0002399
:107EC00084F8443021E0002384F8453023E0204644
:107ED000FFF78FFE00F0E4FCFFF7DCFBA26BE36B27
:107EE0009A42BBD3022DB9D0019B002BDED0002ECD
:107EF000E0D0FFF7F1FB00F02BFCFFF7CBFB94F891
:107F0000442052B2B2F1FF3FD9D094F8452052B28A
:107F1000B2F1FF3FD7D0FFF7DFFB01A902A800F0C5
:107F200037FED8B92046FFF7F9FD0028CFD00199D8
:107F300004F1100000F0A2FD2046FFF75AFE00F009
:107F4000AFFC0028C8D14FF0E0234FF08052C3F8B7
:107F5000042DBFF34F8FBFF36F8FBDE72046FFF7B0
:107F600048FE00F09DFC00208DE72DE9F84390B11C
:107F70000F4690461E460446B1B1022E20D1E36B57
:107F8000012B1DD04FF0500383F31188BFF36F8F87
:107F9000BFF34F8FFEE74FF0500383F31188BFF319
:107FA0006F8FBFF34F8FFEE7036C002BE5D04FF0D0
:107FB000500383F31188BFF36F8FBFF34F8FFEE73A
:107FC000FFF752FCEFF311834FF0500282F3118858
:107FD000BFF36F8FBFF34F8F9946A26BE36B9A424B
:107FE00006D3022E04D0002089F31188BDE8F8835F
:107FF00094F845305DB2A36B324639462046FFF710
:10800000ABFDB5F1FF3F06D02B4601335BB284F8E0
:1080100045300120E8E7636A0BB90120E4E704F189
:10802000240000F061FD28B143462BB10120C8F8BF
:108030000000D9E70120D7E70120D5E7F0B585B0EA
:10804000019290B10F460446C1B100F0EBFD064627
:1080500000BB019B002B5ED04FF0500383F31188CF
:10806000BFF36F8FBFF34F8FFEE74FF0500383F3E3
:108070001188BFF36F8FBFF34F8FFEE7036C002BA8
:10808000E3D04FF0500383F31188BFF36F8FBFF33A
:108090004F8FFEE700263EE039462046FFF797FD6A
:1080A000013DA563236923B9FFF716FB012005B045
:1080B000F0BD04F1100000F017FD0028F4D04FF0DF
:1080C000E0234FF08052C3F8042DBFF34F8FBFF36E
:1080D0006F8FE9E7FFF700FB2846E8E702A800F00A
:1080E0004BFD012621E0002384F8443029E00023E1
:1080F00084F845302BE02046FFF77BFD00F0D0FBF5
:1081000009E02046FFF775FD00F0CAFB2046FFF7A7
:1081100014FD00283FD1FFF7BDFAA56B002DBBD1A0
:10812000019B002BD6D0002ED8D0FFF7D5FA00F057
:108130000FFBFFF7AFFA94F844305BB2B3F1FF3FA7
:10814000D1D094F845305BB2B3F1FF3FCFD0FFF709
:10815000C3FA01A902A800F01BFD0028D1D12046D6
:10816000FFF7EBFC0028C6D0019904F1240000F0D1
:1081700085FC2046FFF73DFD00F092FB0028CAD1A8
:108180004FF0E0234FF08052C3F8042DBFF34F8F20
:10819000BFF36F8FBFE7002089E72DE9F843C0B137
:1081A0000E4690460446E9B1FFF75EFBEFF31183FC
:1081B0004FF0500282F31188BFF36F8FBFF34F8FE0
:1081C0001F46A36B9946CBB9184687F31188BDE8C3
:1081D000F8834FF0500383F31188BFF36F8FBFF321
:1081E0004F8FFEE7036C002BDED04FF0500383F37C
:1081F0001188BFF36F8FBFF34F8FFEE794F84430C1
:108200005DB231462046FFF7E2FC09F1FF33A3637C
:10821000B5F1FF3F06D02B4601335BB284F8443002
:108220000120D2E723690BB90120CEE704F1100049
:1082300000F05AFC28B143462BB10120C8F80000D9
:10824000C3E70120C1E70120BFE700000023072B9F
:108250000CD8074A52F833200AB10133F7E7044A31
:1082600042F8331002EBC30250607047704700BF02
:10827000F828002070B504460D461646FFF70AFAA6
:1082800094F844305BB2B3F1FF3F0DD094F8453021
:108290005BB2B3F1FF3F0BD0FFF71EFAA36B5BB1EC
:1082A0002046FFF7A6FC70BD002384F84430EDE7BC
:1082B000002384F84530EFE73246294604F12400D4
:1082C00000F0F4FBECE70000084B1B681B6823B9C7
:1082D000074B4FF0FF321A607047044B1B68DB6896
:1082E000DB685A68024B1A60704700BFA82900205B
:1082F000402900202DE9F84380460D46174699464F
:10830000089E0A9C9200A521206B03F039FC236B88
:1083100007F18042013A03EB820323F0070795B38C
:108320004FF0000CBCF10F0F09D815F80C3004EB1E
:108330000C0282F8343013B10CF1010CF2E7002387
:1083400084F84330372E00D93726E662E6640025EC
:108350002565201DFFF70BF904F11800FFF707F959
:108360002461C6F13806A6616462656584F85850D8
:108370004A4641463846FFF767F92060099B03B13A
:108380001C60BDE8F883002384F83430DAE700008D
:1083900038B5002407E004EB84000F4B03EB8000AA
:1083A000FFF7DAF80134372CF5D90C4D2846FFF7E2
:1083B000D3F80B4C2046FFF7CFF80A48FFF7CCF86C
:1083C0000948FFF7C9F80948FFF7C6F8084B1D60D0
:1083D000084B1C6038BD00BFD4290020C0290020F4
:1083E000AC290020902900207C290020642900204D
:1083F000A8290020A429002010B50446FFF74AF957
:10840000224A136801331360214B1B685BB1214B77
:108410001B686BB91E4B1B68DA6AE36A9A4207D87D
:108420001B4B1C6004E01A4B1C601368012B29D005
:10843000194A1368013313606364E06A174B1B68C1
:10844000984201D9154B186000EB8000211D144B98
:1084500003EB8000FFF78EF8FFF73EF90D4B1B682A
:108460007BB10B4B1B68DA6AE36A9A4209D24FF080
:10847000E0234FF08052C3F8042DBFF34F8FBFF3BA
:108480006F8F10BDFFF784FFD2E700BF6029002087
:10849000342E00205429002044290020582900208F
:1084A000D429002010B5044690F8593063B1012B4F
:1084B00011D0022B0ED04FF0500383F31188BFF37D
:1084C0006F8FBFF34F8FFEE7006BFFF7E7FA204691
:1084D000FFF7E4FA10BDFFF7E1FAFBE70F4B1B686B
:1084E000D3B110B5FFF7D6F80D4BDB68DC68201D63
:1084F000FFF767F80B4A1368013B1360074A1368DC
:10850000013B1360FFF7E8F82046FFF7CBFF034B72
:108510001B68002BE6D110BD704700BF78290020F2
:108520007C2900206029002008B5FFF7D7FF074B02
:108530001B68012BF9D94FF0E0234FF08052C3F8AC
:10854000042DBFF34F8FBFF36F8FEEE7D4290020C8
:1085500070B504460E46174B1D68174B186804305B
:10856000FFF72FF8B4F1FF3F0DD02C44124B1B68DE
:108570005C60A54210D9114B18680F4B1968043183
:10858000FFF703F870BD002EEFD00B4B19680431D4
:108590000B48FEF7EFFFF5E70A4B1868064B196822
:1085A0000431FEF7F2FF084B1B68A342EAD9064BE1
:1085B0001C60E7E75C290020342E0020A42900205D
:1085C00064290020A82900204029002000B587B098
:1085D0008C46099979B10A99B1B15C210491049949
:1085E0005C291AD04FF0500383F31188BFF36F8FCB
:1085F000BFF34F8FFEE74FF0500383F31188BFF3B3
:108600006F8FBFF34F8FFEE74FF0500383F3118856
:10861000BFF36F8FBFF34F8FFEE7DDF810E00A99CD
:10862000DDF824E0C1F830E00221DDF828E08EF822
:10863000591000210391CDF808E005A9019108998E
:1086400000916146FFF756FE0A98FFF7D5FE0598A0
:1086500007B000BD2DE9F04184B080460F461446B6
:108660001E469000FFF78EF900B305465C20FFF729
:1086700089F9A8B10563002380F8593003930546B2
:1086800002900B9B01930A9B009333462246394686
:108690004046FFF72FFE2846FFF7AEFE012007E019
:1086A0002846FFF7FBF94FF0FF3001E04FF0FF30B5
:1086B00004B0BDE8F081000010B588B00024059436
:1086C000069407AA06A905A8FEF72EFF059B0293AC
:1086D000069B019300942346079A17491748FFF712
:1086E00075FF174B186018B100F060FB012804D02B
:1086F000B0F1FF3F16D008B010BD4FF0500383F328
:108700001188BFF36F8FBFF34F8F0E4B4FF0FF32C7
:108710001A600D4B01221A600C4B00221A60FFF701
:1087200043F8E8E74FF0500383F31188BFF36F8FEE
:10873000BFF34F8FFEE700BF70BD0008298500081A
:108740003C29002040290020542900205C290020D9
:10875000024A136801331360704700BF38290020B4
:10876000014B1868704700BF5C29002008B5FFF76F
:108770007BF8014B186808BD5C290020F8B53D4B1B
:108780001B68002B6ED13C4B1D6801351D60C5B9BF
:108790003A4B1B681B6843B14FF0500383F31188B9
:1087A000BFF36F8FBFF34F8FFEE7344A1168344B2E
:1087B000186810601960334A136801331360FFF7BB
:1087C00083FD314B1B68AB4241D900231F462F4B21
:1087D0001B68DB6A03EB83039B002D4AD358012BF4
:1087E00001D901231F462B4B1B68002B40D00123CE
:1087F0001F463DE001231F46204B1B681B684BB3FF
:108800001E4B1B68DB68DC6863689D4227D3261D0E
:108810003046FEF7D6FEA36A1BB104F11800FEF73E
:10882000D0FEE06A1C4B1B68984201D91A4B1860B5
:1088300000EB80003146164B03EB8000FEF79AFEFA
:10884000E26A124B1B68DB6A9A42D3D2D4E7002358
:108850001F46D1E70C4B4FF0FF321A60B7E70A4AC8
:108860001360B4E70D4A13680133136000231F46F9
:108870003846F8BD382900205C290020A8290020AE
:10888000A42900204829002040290020342E00205F
:10889000D42900204C2900205829002050290020EC
:1088A00038B5354B1B6843B94FF0500383F311883B
:1088B000BFF36F8FBFF34F8FFEE7FEF7EBFE2E4B3C
:1088C0001A68013A1A601B68002B4FD12B4B1B68AA
:1088D0000BB91C464BE00024294B1B681BB3284BEB
:1088E000DB68DC6804F11800FEF76BFE251D2846E6
:1088F000FEF767FEE06A234B1B68984201D9214BC3
:10890000186000EB800029461F4B03EB8000FEF748
:1089100031FEE26A1D4B1B68DB6A9A42DCD31C4BBA
:1089200001221A60D8E70CB1FFF7CEFC194B1C6886
:1089300084B9174B1C68D4B14FF0E0234FF080523C
:10894000C3F8042DBFF34F8FBFF36F8F01240EE0E8
:10895000013C07D0FFF712FF0028F9D00C4B012291
:108960001A60F5E70B4B00221A60E2E70024FEF7DD
:10897000B3FE204638BD00BF382900206029002002
:108980009029002058290020D4290020342E0020CE
:108990004C2900205029002010B5A8B10446104BE6
:1089A0001B6843B14FF0500383F31188BFF36F8FFF
:1089B000BFF34F8FFEE7FFF7CBFE00212046FFF706
:1089C000C7FDFFF76DFF48B94FF0E0234FF080522D
:1089D000C3F8042DBFF34F8FBFF36F8F10BD00BFDF
:1089E00038290020204B1B681BB1204B01221A6044
:1089F00070471E4B00221A601D4B1B6803EB83025D
:108A000092001C498A585AB90BB1013BF6E74FF066
:108A1000500383F31188BFF36F8FBFF34F8FFEE7CF
:108A2000084603EB830201EB8202516849685160FA
:108A300003EB830292000832024491420BD003EB15
:108A400083010C4A02EB81025268D1680A4A116024
:108A5000074A13607047486803EB8301054A02EB3D
:108A600081025060EBE700BF382900204C2900202C
:108A700058290020D4290020342E002058B110B5E8
:108A80000C46094A11681831FEF77FFD0121204686
:108A9000FFF75EFD10BD4FF0500383F31188BFF365
:108AA0006F8FBFF34F8FFEE7342E002038B578B1BB
:108AB0000D4614460B4A11681831FEF75BFD14B1E0
:108AC0004FF0FF331D4621462846FFF741FD38BDD4
:108AD0004FF0500383F31188BFF36F8FBFF34F8FB5
:108AE000FEE700BF342E002038B5C368DC6834B31D
:108AF00004F118031D461846FEF763FD184B1B686A
:108B000033BB231D1D461846FEF75BFDE06A154B7F
:108B10001B68984201D9134B186000EB800029466E
:108B2000114B03EB8000FEF725FDE26A0F4B1B683B
:108B3000DB6A9A4211D901200D4B186038BD4FF005
:108B4000500383F31188BFF36F8FBFF34F8FFEE79E
:108B500029460848FEF70EFDE7E70020EEE700BFD4
:108B60003829002058290020D4290020342E002044
:108B70004C29002090290020034B1B680360034B05
:108B80001B684360704700BF482900205C29002013
:108B9000E0B170B50C46064609B3FEF77BFD1C4BF1
:108BA00019687368C81A2268B2F1FF3F28D0356887
:108BB000DFF860C0DCF800C0654501D08B4224D9E5
:108BC000824215D80023236001241AE04FF050039D
:108BD00083F31188BFF36F8FBFF34F8FFEE74FF022
:108BE000500383F31188BFF36F8FBFF34F8FFEE7FE
:108BF0005B1A134423603046FFF7BEFF002400E0F9
:108C00000024FEF769FD204670BD0124F9E700BF8E
:108C10005C29002048290020014B01221A6070477E
:108C20004C290020054B1B6833B1054B1B680BB169
:108C3000002070470220704701207047542900200F
:108C40003829002000283ED038B504461E4B1B684A
:108C5000834208D04FF0500383F31188BFF36F8F26
:108C6000BFF34F8FFEE7036D43B94FF0500383F31B
:108C70001188BFF36F8FBFF34F8FFEE7013B036592
:108C8000C16AC26C91421CD00BB1002038BD031DDB
:108C90001D461846FEF795FCE06CE062C0F1380313
:108CA000A3610A4B1B68984201D9084B186000EB7E
:108CB00080002946064B03EB8000FEF75BFC012099
:108CC000E4E70020E2E77047342E00205829002016
:108CD000D4290020064B1A6813682BB901230360BE
:108CE00023B9D368186870470023F8E7002070475D
:108CF000382F002008B54160006191420CD8D21A8B
:108D000083699A4201D3012008BD011D094B1868EF
:108D1000FEF73BFC0020F7E79A4201D2994206D2C7
:108D2000011D054B1868FEF730FC0020ECE7012020
:108D3000EAE700BF342F0020382F002000B583B0B1
:108D4000FEF7A8FC114B1B681BB1FEF7C5FC03B076
:108D500000BD0F48FEF700FC0E48FEF7FDFB0E4B72
:108D60000B4A1A600D4B0B4A1A60002300930C4B00
:108D70000C4A10210A20FEF7C6FF044B1860002899
:108D8000E3D00949FFF762FADFE700BF302F002088
:108D9000502F00203C2F0020382F0020342F00209F
:108DA000382E0020882E002078BD000810B588B02D
:108DB000FFF7C4FF124B1B68CBB100240594069447
:108DC00007AA06A905A8FEF7BBFB059B0293069B15
:108DD0000193022300932346079A0A490A48FFF7A2
:108DE000F5FB0A4B186010B1012008B010BD4FF020
:108DF000500383F31188BFF36F8FBFF34F8FFEE7EC
:108E0000302F002080BD0008299100082C2F002061
:108E1000B8B19C4603461748006850B300B585B00A
:108E200000910192029305291CDCFFF7FBFE02284A
:108E300010D000231A4669460E480068FEF7D1FF9D
:108E400015E04FF0500383F31188BFF36F8FBFF32A
:108E50004F8FFEE70023069A694606480068FEF732
:108E6000C0FF04E0002362466946FFF77EF805B0C4
:108E700000BD7047302F002070B582B01B4B1B68BF
:108E80001A6862B3DB681E68DC68251D2846FEF799
:108E900098FB236A2046984794F8283013F0040F73
:108EA000ECD0A36933449E4207D263602461294613
:108EB0000E4B1868FEF769FBE0E7002100910B46B6
:108EC00032462046FFF7A4FF0028D7D14FF05003C9
:108ED00083F31188BFF36F8FBFF34F8FFEE7044A10
:108EE000106802490860136002B070BD382F00207E
:108EF000342F002038B50546FFF732FC0446074BF7
:108F00001B68834205D800232B60044B1C6020465D
:108F100038BDFFF7B1FF01232B60F6E7282F0020B3
:108F200070B582B005460E4617490968C968CC6815
:108F3000201DFEF746FB94F828C01CF0040F08D152
:108F40002CF0010C84F828C0236A2046984702B010
:108F500070BDA1692B46324629442046FFF7CAFE60
:108F60000028F1D0002100910B462A462046FFF749
:108F70004FFF0028E8D14FF0500383F31188BFF36F
:108F80006F8FBFF34F8FFEE7382F002070B582B090
:108F900005460C46FFF7DCFB01A8FFF7ABFF019B82
:108FA0003BBB0646E4B9A84213D22246A91B134B89
:108FB0001868FFF75FF9FFF773FCE0B94FF0E023A3
:108FC0004FF08052C3F8042DBFF34F8FBFF36F8F64
:108FD00011E0FFF765FC31462846FFF7A1FF0AE0E4
:108FE000074A1268126812B901231C46DDE71C46C5
:108FF000DBE7FFF755FC02B070BD00BF302F00204B
:10900000342F002010B588B002E0049B002B0FDA4B
:10901000002204A9434B1868FFF710F800287ED0FF
:10902000049B002BF1DA07990698059B9847ECE71B
:10903000069C636913B1201DFEF7C3FA03A8FFF76E
:1090400059FF049B052B5CD041DC032B49D02CDC61
:10905000022BDDD894F8283043F0010384F828303F
:10906000059BA169024619442046FFF743FE0028EC
:10907000CED0236A2046984794F8283013F0040F86
:10908000C6D0A269002100910B46059802442046F3
:10909000FFF7BEFE0028BBD14FF0500383F31188C9
:1090A000BFF36F8FBFF34F8FFEE7042BB0D194F85F
:1090B000283043F0010384F828300599A161B9B143
:1090C0000346024601442046FFF714FEA0E7082BA2
:1090D00007D003DC063B012BBCD999E7092BE6D06E
:1090E00096E794F8283023F0010384F828308FE7BE
:1090F0004FF0500383F31188BFF36F8FBFF34F8F8F
:10910000FEE794F8283013F0020F04D023F0010397
:1091100084F828307CE72046FEF7C0FC78E708B0EA
:1091200010BD00BF302F002000B583B001A8FFF7AD
:10913000D1FD0199FFF72AFFFFF764FFF6E7000072
:10914000FAF7F8F90B480C490C4A002302E0D4580E
:10915000C4500433C4188C42F9D3094A094C002383
:1091600001E013600432A242FBD302F03DFDFAF7A6
:109170004FF8704700000020D0010020FCC7000815
:10918000D001002098390020FEE700207047002021
:109190007047000038B505460968F8F795F9054CA1
:1091A00029462046FDF729FB2046FDF72CFB002031
:1091B00038BD00BFA430002010B5064C002206497F
:1091C0002046FDF712FB05492046FDF716FB00205F
:1091D00010BD00BFA4300020642F0020E42F002029
:1091E00012230B80004870475001002004230B809D
:1091F000004870474C010020002393421DD200B567
:1092000010E00CF1370C01F813C000014FEA430CD9
:109210000CF1010C4FF0000E01F80CE00133DBB251
:10922000934209D24FEA107CB0F1204FE9D20CF101
:10923000300C01F813C0E8E700BD70470B4BD3F8C2
:10924000E807D3F8EC27D3F8F037C01800D17047FF
:1092500010B5144608220649FFF7CEFF0422044B3E
:1092600003F110012046FFF7C7FF10BD00F0FF1FFC
:109270003201002008B51A230B80FFF7DFFF0148F9
:1092800008BD00BF3001002008B50A4628B90549CD
:109290000548FDF766FF034808BD02490248FDF78F
:1092A00060FFF8E76430002088BD000810B50A466A
:1092B000034C21460348FDF754FF204610BD00BF74
:1092C00064300020A0BD000808B50A4628B9054949
:1092D0000548FDF746FF034808BD02490248FDF76F
:1092E00040FFF8E764300020B4BD000808B50A4626
:1092F00028B905490548FDF734FF034808BD024970
:109300000248FDF72EFFF8E764300020C0BD0008DA
:1093100008B500220F491048FDF78DFA70B90F49C2
:109320000D48FDF79FFA60B90D490B48FDF756FA55
:1093300050B90948FDF79DFA48B908BDF9F728FF6B
:10934000EDE7F9F725FFEFE7F9F722FFF1E7F9F786
:109350001FFFF2E764010020A4300020D8000020A5
:1093600020010020022804D005D808B1022070474F
:1093700070470120704702207047000002680D4BC3
:109380009A4200D0704700B583B003F5DA33DA694A
:1093900042F40002DA61DB6903F400030193019BEC
:1093A000002205211420FAF795F91420FAF7A2F902
:1093B00003B000BD005C004008B500F52671D0F890
:1093C000D402FDF76EFA08BD08B501EB810300EB8E
:1093D000C303D3F86421D0F8D402FDF78FFA08BD97
:1093E00008B501EB810300EBC3035A6AD0F8D4023D
:1093F000FDF7CAFA08BD08B5D0F8D402FDF76BFB3B
:1094000008BD10B504468379022B09D10121D4F897
:10941000D402FDF749FBD4F8D402FDF71DFB10BDC3
:10942000F9F7B6FEF2E7000010B50446D0F8D40212
:10943000FDF73DFBA37A23B1024A136943F006030B
:10944000136110BD00ED00E008B5D0F8D402FDF7BF
:1094500037FB08BD10B504461D48C0F8D442C4F817
:10946000C0021C4B03600823037102238371002395
:109470008372C3720373FAF7DDFA30BB182300223C
:109480001146D4F8C002FBF751FA5823002280217C
:10949000D4F8C002FBF74AFAC02300228121D4F895
:1094A000C002FBF743FA4FF4887300220121D4F87D
:1094B000C002FBF73BFA4FF4807300228221D4F8FC
:1094C000C002FBF733FA002010BDF9F761FED5E7C3
:1094D00088350020005C004008B5D0F8C002FAF7DB
:1094E00020FBFFF73FFF08BD08B594461A466346C8
:1094F000D0F8C002FBF7D7F8FFF734FF08BD08B576
:10950000D0F8C002FBF711F9FFF72CFF08BD08B532
:10951000D0F8C002FBF78BF9FFF724FF08BD08B5B0
:10952000D0F8C002FBF7C3F9FFF71CFF08BDD0F865
:10953000C03211F0800F08D101F07F0101EB8101F1
:1095400003EBC10393F85201704701F07F0101EB77
:10955000810103EBC103987C704708B5D0F8C002C5
:10956000FAF7B6FFFFF7FEFE08BD08B5D0F8C00257
:10957000FBF737F9FFF7F6FE08BD08B5D0F8C002D3
:10958000FBF709F9FFF7EEFE08BD08B5D0F8C002F9
:10959000FBF71EF908BD0000004870476833002043
:1095A0007047704710B5044640B11E22002102F0FA
:1095B000E7FA0023C4E9083384F8283010BD0246D6
:1095C00070B500283ED0441E0126002021F0404105
:1095D00006FA00F5294214F8013F19D0022B9EBF6C
:1095E0000133DBB22370032B02D1136A2B431362C6
:1095F00001301E28ECD1D2E90813A3B1194002BFF3
:10960000012382F828300B46184608BF516270BD0E
:109610001BB9136A23EA0503E9E7013BDBB22370B8
:10962000002BE5D1F5E792F8280040B9012505FAAD
:1096300003F414EA010007D020465462E7E709B9B1
:1096400082F828100020E2E701331E2BEFD1DEE77D
:1096500010B5044638B14FF46172034902F0E8FADC
:10966000012384F8843310BD20C000082DE9F043A5
:10967000A0B390F884339BB331F040412BD04B1E04
:109680000B4228D0B1F5405F2CD000244FF0FF3CB6
:1096900026464FF01E08DFF854E000252A4608FB56
:1096A000040717F8013B21FA05F919F0010F08BF6B
:1096B000C3F11E031EF8033001351E2D1A44F0D1EC
:1096C000624538BFE6B204F1010438BF94461E2C4F
:1096D000E3D10121B1400846BDE8F0830146FAE735
:1096E0001946F8E74FF48051F5E700BFA4C300081E
:1096F00000F02EBB38B5054600F0BAFB04462846FC
:1097000000F03EF948B128460C49F6F7CBFF30B9D6
:1097100028460B49F6F7A8FF48B9204638BD02F0A5
:109720005DFA4FF0FF4422230360204638BD02F06B
:1097300055FA222300240360EFE700BF1772B142FD
:10974000B5F1CFC270B504460D4600F0BBFC06462D
:1097500000F016F908B1304670BD204600F010F94F
:109760000028F8D0284600F00BF90028F3D002F0CA
:1097700035FA22234FF0FF460360ECE738B5044684
:1097800000F06EFD214605462046F6F795FF70B9BC
:1097900020460021F6F786FF48B920460021F6F75B
:1097A00059FF30B102F01AFA2223074D0360284610
:1097B00038BD02F013FA2122034604481A60BDE8BE
:1097C000384000F0E5B800BF000080FFFCBC000896
:1097D00070B50D46064600F08BFE29460446284625
:1097E000F6F76AFF58B930460021F6F733FFA0B10B
:1097F00028460021F6F72EFF18B14FF07E54204680
:1098000070BD284600F0BCF80028F8D0284600219A
:10981000F6F72AFF0028F2D023E0204600F0B0F847
:1098200080B120460021F6F715FF0028E7D030462A
:1098300000F0A6F80028E2D0284600F0A1F80028A1
:10984000DDD00EE0304600F09BF80028E9D0284635
:1098500000F096F80028E4D021462046F6F72CFFC9
:1098600020B902F0BBF922230360C8E702F0B6F981
:1098700021230360C3E700BF38B5054600F08CF82C
:10988000294604462846F6F717FF20B92846002146
:10989000F6F7EAFE08B9204638BD02F09FF921220A
:1098A000034600211A600846F6F7F4FD04462046F8
:1098B00038BD00BF174A20F00043934218D900B5C5
:1098C000B3F1FF4F83B004D30146F6F725FC03B094
:1098D00000BD694601F026FA00F00302012A009853
:1098E00001990DD0022A06D07AB900F0EDF8EEE722
:1098F000002100F0E9B800F0E7F800F10040E6E7E9
:1099000000F0ACF900F10040E1E7012200F0A6F917
:10991000DDE700BFD80F493F184A20F000439342CB
:1099200019D900B5B3F1FF4F83B004D30146F6F760
:10993000F3FB03B000BD694601F0F4F900F0030346
:10994000012B0098019910D0022B08D083B9012275
:1099500000F084F9EDE70022002100F07FB9012238
:1099600000F07CF900F10040E3E700F0ADF8E0E73B
:1099700000F0AAF800F10040DBE700BFD80F493F34
:1099800020F00040B0F1FF4F2CBF002001207047B5
:10999000004870470000C07F20F00042B2F1FF4F46
:1099A00070B5044651D2002A4ED00028034655DB3C
:1099B00010F0FF4250D15B001802114602F1010283
:1099C000F9D549420024C3F316024FF0190EA1F154
:1099D0007F034FF0807CC907214642F4000258BF44
:1099E00052005E10520001EB0C039342CFBF1346AE
:1099F00003EB0C016444D31ABEF1010E4FEA43029B
:109A00004FEA5C0CEFD1D3B11A4B1B4A18681168AE
:109A10001A681546F6F780FB01462846F6F72EFE33
:109A200068B1144B144A186811681B681D46F6F794
:109A300075FB01462846F6F717FEB0B102346010F8
:109A400000F17C5000EBC65070BD0146F6F76EFC8D
:109A50002146F6F763FB70BDC115B3E70146F6F783
:109A60005BFB0146F6F716FD70BD013424F00104DE
:109A7000E5E700BFC8C30008C4C3000808B5C0F3C9
:109A8000C7537F3B162B01460FDC002B12DB0D4822
:109A900040FA03FC11EA0C0F05D04FF48000184186
:109AA000084420EA0C01084608BD802BFBD1F6F7DC
:109AB00035FB08BD013300F00041F4D141F07E5187
:109AC000F1E700BFFFFF7F002DE9F04320F00043E6
:109AD000B3F1485F05460F4683B04AD2F6F702FE5F
:109AE000002800F0A18029462846F6F71FFC04460E
:109AF0005049F6F71BFC5049F6F710FB2146F6F7E4
:109B000015FC4E49F6F708FB2146F6F70FFC4C49C9
:109B1000F6F704FB2146F6F709FC4A49F6F7FCFA8A
:109B20002146F6F703FC4849F6F7F8FA2146F6F71E
:109B3000FDFB80464FF07C512046F6F7F7FB41468F
:109B400006462046F6F7F2FB394604462846F6F765
:109B5000EDFB01462046F6F7DFFA01463046F6F700
:109B6000DBFA01464FF07E50F6F7D6FA03B0BDE8B7
:109B7000F08301460193F6F7D9FB04462D49F6F729
:109B8000D5FB2D49F6F7CAFA2146F6F7CFFB2B494C
:109B9000F6F7C2FA2146F6F7C9FB2949F6F7BEFAED
:109BA0002146F6F7C3FB2749F6F7B6FA2146F6F742
:109BB000BDFB2549F6F7B2FA2146F6F7B7FB234A73
:109BC000019B80469342B5D9214A934228D803F19C
:109BD0007F414FF07E500E46F6F79EFA81462046B2
:109BE0004FF07C51F6F7A2FB3146F6F795FA414665
:109BF00006462046F6F79AFB394604462846F6F70D
:109C000095FB01462046F6F787FA01463046F6F7FF
:109C100083FA01464846F6F77FFA03B0BDE8F083C1
:109C2000DFF830900C4EDAE74FF07E5003B0BDE81D
:109C3000F08300BF4ED747ADF6740F317CF29334FA
:109C4000010DD037610BB63AABAA2A3D9999993EDE
:109C50000000483F0000383F0000903E2DE9F041F1
:109C600020F00043B3F1485F04468846174682B0AF
:109C700003D2F6F737FD002859D021462046F6F7E3
:109C800055FB054601462046F6F750FB2A49064695
:109C90002846F6F74BFB2949F6F73EFA2946F6F730
:109CA00045FB2749F6F73AFA2946F6F73FFB2549DF
:109CB000F6F732FA2946F6F739FB2349F6F72EFA7A
:109CC0002FB301904FF07C514046F6F72FFB4746EB
:109CD000019980463046F6F729FB01464046F6F7E3
:109CE0001BFA2946F6F722FB3946F6F715FA17490B
:109CF00005463046F6F71AFB01462846F6F70EFAF7
:109D000001462046F6F708FA02B0BDE8F0810146A8
:109D10002846F6F70BFB0D49F6F7FEF93146F6F744
:109D200005FB2146F6F7FAF902B0BDE8F0812046BE
:109D300002B0BDE8F08100BFD3C92E2F342FD73237
:109D40001BEF3836010D50398988083CABAA2A3EF2
:109D50008C460A4621F00041B1F1FF4F38B5034669
:109D60002ED820F0004EBEF1FF4F29D8BCF17E5F07
:109D70003BD0901700F0020040EAD375BEF1000F0F
:109D800023D051B3B1F1FF4F39D0BEF1FF4F32D0E4
:109D9000AEEB010EBEF1F45F4FEAEE5129DA002A74
:109DA00038DA3C3136DA0020012D3CD0022D3DD08E
:109DB0002DB12749F6F7B2F92649F6F7ADF938BDC6
:109DC00019466046F6F7AAF938BD40EAD372022A6E
:109DD00009D0032A05D0184638BD8B420DDB1E483A
:109DE00038BD1E4838BD1B4838BDBDE8384001F0BD
:109DF00029B91948D8E7002BF1DA194838BDBEF166
:109E0000FF4F05F1FF3319D0022B1DD8154A52F828
:109E1000230038BD61461846F6F73CFB01F02AFAEC
:109E200001F010F9C0E700F1004038BD0849F6F72D
:109E300075F901460748F6F76FF938BD022B05D8CA
:109E4000094A52F8230038BD002038BD074838BD04
:109E50002EBDBB33DB0F4940DB0FC93FDB0F49C0D1
:109E6000DB0FC9BFCCC30008D8C30008DB0F493FD4
:109E70002DE9F04320F00042B2F1FF4F044683B0D9
:109E80006DD84FEAD07500F0CB807E49884200F350
:109E9000B7800028C0F2BA807B4B9A4265D97B4BD1
:109EA0009A4200F2CC807A4B204653F82510F6F700
:109EB00033F9784A074652F8252085F00103904689
:109EC0005E1B41463846F6F727F901460446F6F789
:109ED0002DFA05467049F6F729FA7049F6F71CF98C
:109EE0002946F6F723FA6E49F6F718F92946F6F7E8
:109EF0001DFA6C49F6F710F92946F6F717FA6A4980
:109F0000F6F70CF92946F6F711FA01462046F6F75E
:109F100003F9014620460D460191F6F707FA01992B
:109F20008146002E53D04FF08040F6F7F5F80146F9
:109F30004846F6F7AFFA01464046F6F7EDF83946DF
:109F4000F6F7EAF801464FF07E50F6F7E5F816F11D
:109F50007D0F69DB00EBC65003B0BDE8F08301461E
:109F6000F6F7DCF803B0BDE8F083B2F1505F09D238
:109F70004E492046F6F7D2F84FF07E51F6F792FBA5
:109F8000002879D121462046F6F7D0F90546424906
:109F9000F6F7CCF94149F6F7BFF82946F6F7C6F9C6
:109FA0003F49F6F7BBF82946F6F7C0F93D49F6F701
:109FB000B3F82946F6F7BAF93B49F6F7AFF8294660
:109FC000F6F7B4F901462046F6F7A6F80546294605
:109FD0002046F6F7ABF94FF0804106462846F6F7E3
:109FE0009BF801463046F6F755FA2146F6F794F805
:109FF00001464FF07E50F6F78FF803B0BDE8F083CE
:10A00000002003B0BDE8F04301F0B6B9284B9A42F6
:10A010007FF642AF002003B0BDE8F04301F0A8B9DD
:10A02000002D9FD000209DE706F164034FF058619A
:10A0300000EBC350F6F77AF903B0BDE8F0831D4991
:10A040002046F6F773F91C4B53F82510F6F766F81F
:10A05000F6F748FB0646F6F715F918490546F6F7F0
:10A0600065F901462046F6F757F815490746284690
:10A07000F6F75CF9804624E720464FF07E51F6F76C
:10A080004DF86FE71772B1421872B13E9115853FD6
:10A09000ECC30008E4C300084CBB31330EEADD35E5
:10A0A00055B38A38610B363BABAA2A3ECAF24971D6
:10A0B000B5F1CF423BAAB83FF4C300088071313FED
:10A0C000D1F717372DE9F04321F0004320F0004489
:10A0D0009C4283B002DB1A46234614461A1BB2F197
:10A0E000706F1E4625466BDCB3F1B14F5CDC4FF060
:10A0F0000009B4F11A5F15DA002C51D0B4F5000F45
:10A1000080F2A28028464FF0FD410193F6F70EF948
:10A110004FF0FD4105463046F6F708F90646019B2B
:10A12000A9F17E09294630460193F5F7F5FF01466E
:10A1300007462846F6F798FA019B002849D023F4F1
:10A140007F6424F00F0421462046F6F7EFF82946F5
:10A15000804605F10040F6F7E9F82146054630460D
:10A16000F5F7DCFF214607463046F5F7D5FF0146F7
:10A170003846F6F7DBF801462846F5F7CDFF0146ED
:10A180004046F5F7C9FFFFF707FC0646B9F1000F97
:10A1900006D04FEAC95101F17E51F6F7C7F80646DD
:10A1A000304603B0BDE8F083B3F1FF4F40DA03F16E
:10A1B0005E4304F15E441E4625464FF0440998E78D
:10A1C00021461846F5F7AAFF0646304603B0BDE81B
:10A1D000F08303F5000124F47F6321F47F6423F00E
:10A1E0000F0324F00F04184621460193F6F79EF85A
:10A1F0003946804607F10040F6F798F831460746A1
:10A200003046F5F78BFF2146F5F786FF2946F6F72E
:10A210008DF8019906462846F5F77EFF2146F6F7A8
:10A2200085F801463046F5F779FF01463846A4E740
:10A2300013D021461846F5F771FF0646B4F1FF4FDB
:10A24000AED14FF0FF46ABE703F1085304F10854D9
:10A250001E462546A9F1440964E74FF0FF46EDE7A5
:10A260002DE9F04730F0004382B030D0002801469D
:10A27000034646DBB0F1FF4F3EDAB0F5000F48DB96
:10A280004FF0000C8D49C3F316025118DB1501F491
:10A2900000007F3B634480F07E5003EBD1541043B9
:10A2A0004FF07E510092F5F737FF009A844B02F190
:10A2B0000F010B40A04681469BBB0021F6F7CAF96F
:10A2C000002800F0AB8020464CB9002004E00021BB
:10A2D0004FF04C40F6F7DEF802B0BDE8F087F5F736
:10A2E000D1FF78490546F6F721F877490446284614
:10A2F000F6F71CF801462046F5F710FF02B0BDE85E
:10A30000F087F5F709FF0021F6F7C4F802B0BDE8C1
:10A31000F0874FF09841F6F709F86FF0180C0346F4
:10A32000B0E74FF080410092F5F7F8FE014648464D
:10A33000F6F7B0F805462046F5F7A4FF2946824611
:10A340002846F5F7F3FF009A604B0146D318CDE994
:10A3500000320746F5F7EAFF04465D49F5F7E6FFE8
:10A360005C49F5F7DBFE2146F5F7E0FF5A49F5F7C2
:10A37000D5FE2146F5F7DAFF5849F5F7CFFE394605
:10A38000F5F7D4FF564907462046F5F7CFFF554964
:10A39000F5F7C4FE2146F5F7C9FF5349F5F7BEFEB0
:10A3A0002146F5F7C3FF01463846F5F7B7FE019A97
:10A3B000009BC2F5571202F522721A43002A074683
:10A3C0000146484642DD4FF07C51F5F7AFFF494664
:10A3D000F5F7ACFF014606463846F5F79FFE2946DD
:10A3E000F5F7A4FFB8F1000F45D03649009050466C
:10A3F000F5F79CFF344905465046F5F797FF00995D
:10A40000F5F78CFE01463046F5F786FE4946F5F72E
:10A4100083FE01462846F5F77FFE5DE7334948464F
:10A42000F5F784FF01464FF07C50F5F775FE49467D
:10A4300005464846F5F77AFF01462846F5F776FFC8
:10A4400014BB01464846F5F767FE45E7F5F764FE9D
:10A450002946F5F76BFFB8F1000FF2D019490090CB
:10A460005046F5F763FF184905465046F5F75EFF7D
:10A4700001460098C8E701463046F5F74DFE014613
:10A480004846F5F749FE27E700902046F5F7FAFE23
:10A490000C490546F5F74AFF0B4904462846F5F7EF
:10A4A00045FF01460098F5F737FE4946F5F734FEBB
:10A4B00001462046F5F730FE0EE700BF20FB4A00BC
:10A4C000F0FF7F008071313FD1F71737305CCFFF4D
:10A4D0009788173E25333A3E2549923EABAA2A3F3C
:10A4E0004FD01C3E298E633ECDCCCC3EABAAAA3EBB
:10A4F0002DE9F04F0A460B4631F00041054604466F
:10A5000089B00CD180F48004640014F5000F15D9D3
:10A5100011462846F5F702FE09B0BDE8F08F20F09D
:10A520000046B6F1FF4FB0460DD9B4F17E5FEFD1D2
:10A5300083F480035B0013F5000FE9D84FF07E50E1
:10A5400009B0BDE8F08FB1F1FF4FEED80028B14659
:10A5500014DBB1F1FF4F00F04981B1F17E5F00F0F3
:10A560006081B2F1804F00F08D81B2F17C5F40F0EC
:10A57000748109B0BDE8F04FFFF70EBAB1F1974F03
:10A5800080F03D81B1F17E5F80F05681B2F1804F65
:10A5900000F07881B2F17C5F00F0F182CDE9012119
:10A5A000039200F067FEDDE90131B6F1FF4F039A37
:10A5B00000F0A88300260196B8F1000F00F0868114
:10A5C000B8F17E5F00F082814FEAD47C019F0CF1EC
:10A5D000FF3657EA060C029600F08F81B1F19A4FD0
:10A5E00040F29381AA49884540F22883A9498845C9
:10A5F00000F230834FF07E51CDE90332F5F78CFD48
:10A60000A5490446F5F792FEA44905462046F5F70C
:10A610008DFE4FF07A5107462046F5F787FE01463A
:10A620009F48F5F779FD2146F5F780FE01464FF08A
:10A630007C50F5F771FD214606462046F5F776FE7B
:10A6400001463046F5F772FE9649F5F76FFE014672
:10A650003846F5F761FD014604462846F5F75EFDEC
:10A66000294620F47F6525F00F052846F5F754FDAF
:10A6700001462046F5F750FDDDE903320746019912
:10A6800023F47F64029824F00F040139014310463B
:10A69000214614BF4FF07E58DFF80C820192F5F787
:10A6A0003BFD2946F5F742FE019906463846F5F787
:10A6B0003DFE01463046F5F731FD21460646074688
:10A6C0002846F5F733FE044630462146F5F726FDC9
:10A6D0000028054620F0004240F36182B2F1864F27
:10A6E00000F2E88200F0C782B2F17C5F00F2EA82F9
:10A6F000002399466FF30E0528466C490193F5F740
:10A7000015FE214606462846F5F706FD0146384661
:10A71000F5F702FD6649F5F709FE66490446284645
:10A72000F5F704FE01462046F5F7F8FC044601461D
:10A730003046F5F7F3FC31460546F5F7EDFC0146EA
:10A740002046F5F7E9FC294606462846F5F7EEFDD2
:10A7500004465949F5F7EAFD5849F5F7DDFC21466D
:10A76000F5F7E4FD5649F5F7D9FC2146F5F7DEFD8E
:10A770005449F5F7D1FC2146F5F7D8FD5249F5F7D4
:10A78000CDFC2146F5F7D2FD01462846F5F7C4FC7D
:10A79000044601462846F5F7C9FD4FF080410746BB
:10A7A0002046F5F7B9FC01463846F5F773FE314609
:10A7B00004462846F5F7BAFD3146F5F7AFFC0146E9
:10A7C0002046F5F7A9FC2946F5F7A6FC01464FF00F
:10A7D0007E50F5F7A1FC019B0344B3F5000FC0F2D6
:10A7E000358218464146F5F7A1FD95E6B8F17E5F42
:10A7F0003FF4A4AE1BD9002B17DB10468CE6B1F159
:10A80000FF4FF3D0CDE90222019100F033FDDDE9E5
:10A810000113B6F1FF4F039A00F0AA8102260196B8
:10A82000CAE6002B28DB284676E6002074E6002BDB
:10A83000FBDA02F100406FE64FEAE15CCCF1960CE6
:10A8400041FA0CFE0EFA0CFC8C4500F07481B1F15B
:10A850007E5FE6D0B2F1804F14D02846CDE90131B9
:10A86000039200F007FD0022B8F1FF4F019B019217
:10A870002CD0DDE902129FE629464FF07E50F5F715
:10A8800009FE49E629462846F5F750FD44E600BF93
:10A89000F3FF7F3F0700803F00AAB83F70A5EC366A
:10A8A000ABAAAA3E3BAAB83F000080BF0072313F6E
:10A8B0001872313F8CBEBF354CBB31330EEADD35EB
:10A8C00055B38A38610B363BABAA2A3E002B04DA1B
:10A8D00001464FF07E50F5F7DDFD002CBFF61CAEB3
:10A8E000019AA8F17E53134300F01E81019B012BB6
:10A8F0007FF412AE00F100400EE629462846F5F737
:10A900000BFC0146F5F7C6FD06E614F0FF4F40F0DC
:10A9100073814FF09741CDE90332F5F707FDDDE98B
:10A9200003326FF0170481464FEAE9517F39B3488B
:10A930000C19C9F316018142039441F07E5507DDDD
:10A94000AF48814240F38E8101340394A5F50005A0
:10A9500000210024079106914FF07E512846CDE951
:10A9600004328846F5F7D8FB414682462846F5F77B
:10A97000D5FB01464FF07E50F5F78CFD834601462E
:10A980005046F5F7D3FC9F492F4601EA650141F097
:10A9900000519D4D01F5800101EB040905EA000419
:10A9A000064649462046F5F7C1FC01465046F5F7F4
:10A9B000B3FB414682464846F5F7AEFB01463846B2
:10A9C000F5F7AAFB2146F5F7B1FC01465046F5F72D
:10A9D000A3FB5946F5F7AAFC314682463046F5F707
:10A9E000A5FC07468949F5F7A1FC8949F5F796FBCF
:10A9F0003946F5F79BFC8749F5F790FB3946F5F7A3
:10AA000095FC8549F5F78AFB3946F5F78FFC8349B4
:10AA1000F5F784FB3946F5F789FC8149F5F77EFBAC
:10AA2000394681463846F5F781FC01464846F5F738
:10AA30007DFC074621463046F5F770FB5146F5F799
:10AA400075FC3946F5F76AFB214681462046F5F745
:10AA50006DFC74498346F5F761FB4946F5F75EFBEB
:10AA600005EA000739462046F5F760FC6D49804647
:10AA70003846F5F751FB5946F5F74EFB0146484677
:10AA8000F5F74AFB3146F5F751FC39460446504686
:10AA9000F5F74CFC01462046F5F740FB01468146A0
:10AAA0004046F5F73BFB05EA000420465E49F5F712
:10AAB0003DFC414680462046F5F72EFB01464846C0
:10AAC000F5F72AFB5949F5F731FC59490646204666
:10AAD000F5F72CFC01463046F5F720FB0699F5F713
:10AAE0001DFB04460398F5F7CDFB0646214640467C
:10AAF000F5F714FB079F3946F5F710FB3146F5F7DC
:10AB00000DFB054031462846F5F706FB3946F5F7BB
:10AB100003FB4146F5F700FB01462046F5F7FCFA3A
:10AB2000DDE904320746AAE50146F5F7F5FA0146E4
:10AB3000F5F7B0FCF0E4B1F17E5F3FF472AEB2F134
:10AB4000804F3FF49FAE0EF0010ECEF10203CDE92F
:10AB500003220291019300F08DFBDDE90213B6F1AF
:10AB6000FF4F049A7FF428AD002BFFF6B1AEB7E695
:10AB7000002B4FF002030193FFF6AAAEB0E600F0FF
:10AB800079FBB6F1FF4F3FF4C7AC002E3FF4C4ACE5
:10AB9000B6F17E5F7FF4B1AE00230193A0E6254BB2
:10ABA0009A4200F2A7807FF49FAD2146F5F7B4FAF0
:10ABB0003146F5F76DFD002840F09C8005F5004317
:10ABC000C3F3C7521C497F3A11411940C3F316031E
:10ABD000C2F1170243F4000343FA02F9C9F1000974
:10ABE0002046F5F799FA044638462146F5F796FAD5
:10ABF0004FEAC95305467DE5002495E671C41C0063
:10AC0000D6B35D0000F0FFDF00F0FFFF42F1533EDE
:10AC100055326C3E05A38B3EABAAAA3EB76DDB3E18
:10AC20009A99193F000040400040763F4F38763FE8
:10AC3000C623F6B800001643000080FF002B0BDB94
:10AC4000002009B0BDE8F04F00F092BB494600F08B
:10AC500015FBC7E5002BF3DD002009B0BDE8F04F80
:10AC600000F08ABB2B494FF4001407912A49069142
:10AC70004FF07F5172E6294901903046F5F74EFAC0
:10AC8000214606460198F5F747FA01463046F5F7A2
:10AC900009FD78B905F50043DA1521497F3A1141DC
:10ACA0001940C3F31603C2F1170243F4000343FA39
:10ACB00002F995E740460021F5F7D6FC003818BFA9
:10ACC0000120CAE74FF40003D2157E3A13412B440A
:10ACD000C3F3C75212497F3A11411940C3F3160317
:10ACE000C2F1170243F40003002D43FA02F9BFF644
:10ACF00077AF73E740460021F5F7B6FC003818BF80
:10AD000001209EE7002B4FF000030193FFF6E0AD1A
:10AD1000E6E500BF00C0153FDCCFD1353CAA383393
:10AD2000000080FFDFF8C0C220F0004363457FD9F8
:10AD30002DE9F0438846AD4904468B4289B024D8BA
:10AD400020F0004323F00F030028A949029340F3A9
:10AD50003281F5F7E1F9A74A029B0446934276D087
:10AD6000A549F5F7D9F90346204619461C46F5F7DB
:10AD7000D3F9A149F5F7D0F90122C8F80040C8F885
:10AD80000400104609B0BDE8F0839C498B426ED99F
:10AD9000B3F1FF4F52D2DA15863AA3EBC2531846ED
:10ADA00016460293F5F79EFCF5F76CFA01460298F9
:10ADB0000591F5F7B1F94FF08741F5F7B7FA054678
:10ADC000F5F790FCF5F75EFA034628461946069318
:10ADD0000293F5F7A1F94FF08741F5F7A7FA0021A3
:10ADE0000790F5F737FC002800F0BF80002102989B
:10ADF000F5F730FC002814BF012302234FF0020CAA
:10AE00007F493246019105A84146CDF800C000F0C7
:10AE1000B7FA002C0246B4DAD8E9001301F1004178
:10AE200003F10043C8F80010C8F804304242A8E714
:10AE30000023002208604B60104670470146F5F77A
:10AE40006BF90022C8F80400C8F8000099E76D49C2
:10AE5000F5F762F96C490546F5F75EF904462846B0
:10AE60002146F5F759F96849F5F756F984E7039350
:10AE700000F000FA65490546F5F758FA4FF07C51A5
:10AE8000F5F74CF9F5F72EFC0290F5F7FBF9584968
:10AE900006468146F5F74AFA01462846F5F73CF999
:10AEA000554905463046F5F741FA0146074628461A
:10AEB000F5F732F9029A06461F2A039B0CDC544927
:10AEC000501E51F8200024F0004121F0FF01814282
:10AED00002D0C8F8006030E0C6F3C751C1EBD351CF
:10AEE0000829F6DD47494846CDE90232F5F71EFA52
:10AEF000064601462846F5F70FF9014628460D4655
:10AF0000F5F70AF93146F5F707F906463E4948468E
:10AF1000F5F70CFA3146F5F7FFF8014607462846E3
:10AF2000F5F7FAF8029BC0F3C751C1EBE353192BB5
:10AF30000646039A1BDCC8F80000314628460292F8
:10AF4000F5F7EAF83946F5F7E7F8002C029AC8F861
:10AF50000400BFF616AF06F1004300F10040C8F848
:10AF60000030C8F8040052420BE7032346E72949A2
:10AF700048460392F5F7DAF9014602902846F5F7BC
:10AF8000CBF8014628460D46F5F7C6F80299F5F7C5
:10AF9000C3F8074620494846F5F7C8F93946F5F79A
:10AFA000BBF8014607462846F5F7B6F8039A064669
:10AFB000C8F80000C1E7F5F7B1F80E4A029B054654
:10AFC00093422BD00C49F5F7A9F8044628462146B0
:10AFD000F5F7A2F80849F5F7A1F84FF0FF32C8F8E5
:10AFE0000040C8F80400CCE6D80F493FE3CB164038
:10AFF000800FC93FD00FC93F43443537800F4943C5
:10B000007CC400080044353708A3852E84F9223F0C
:10B01000FCC3000800A3852E32318D240749F5F7C3
:10B020007DF807490546F5F779F804462846214694
:10B03000F5F772F80249F5F771F8CEE700443537B5
:10B0400008A3852E2DE9F04120F00045B5F1A14F70
:10B050000446064682B009D3B5F1FF4F74D80028E4
:10B0600040F3A2806F4802B0BDE8F0816E4B9D4274
:10B070007BD8B5F1445F6DD34FF0FF3821462046B1
:10B08000F5F754F901460190F5F750F9054667497F
:10B09000F5F74CF96649F5F741F82946F5F746F911
:10B0A0006449F5F73BF82946F5F740F96249F5F7A9
:10B0B00035F82946F5F73AF96049F5F72FF82946AA
:10B0C000F5F734F95E49F5F729F80199F5F72EF906
:10B0D0005C4907462846F5F729F95B49F5F71CF85E
:10B0E0002946F5F723F95949F5F716F82946F5F7F2
:10B0F0001DF95749F5F710F82946F5F717F955499D
:10B10000F5F70AF82946F5F711F901463846F5F73B
:10B1100005F82146F5F70AF9B8F1FF3F48D04E4B44
:10B120004E4D53F82810F4F7F7FF2146F4F7F4FFDB
:10B13000014655F82800F4F7EFFF002E93DA00F1EE
:10B14000004002B0BDE8F0810146F4F7E7FF02B02D
:10B15000BDE8F0814249F4F7E1FF4FF07E51F5F789
:10B16000A1FA002888D020467DE700F083F83D4B07
:10B1700004469D4223D8A3F5D0039D4240D8014602
:10B18000F4F7CCFF4FF07E51F4F7C6FF4FF080414B
:10B1900005462046F4F7C2FF01462846F5F77AF93E
:10B1A0004FF00008044669E72F4802B0BDE8F0817F
:10B1B00001462046F4F7B0FF02B0BDE8F0812B4B0A
:10B1C0009D4215D84FF07F51F4F7A6FF4FF07F5105
:10B1D00005462046F5F7AAF84FF07E51F4F79EFF9A
:10B1E00001462846F5F756F94FF00208044645E7B0
:10B1F00001461F48F5F74EF94FF0030804463DE7B6
:10B200004FF07E51F4F788FF4FF07E5105462046FF
:10B21000F4F784FF01462846F5F73CF94FF00108A2
:10B2200004462BE7DB0FC93FFFFFDF3ED769853CB4
:10B2300059DA4B3D356B883D6E2EBA3D2549123E9D
:10B24000ABAAAA3E21A215BD6BF16E3D95879D3D2F
:10B25000388EE33DCDCC4C3E94C70008A4C700080F
:10B26000CAF24971FFFF973FDB0FC9BFFFFF1B40C9
:10B27000000080BF20F00040704700BF30F0004C5D
:10B28000034624D0BCF1FF4F10B50C461BD210F082
:10B29000FF4F02461CD14FF09841F5F747F8214A7D
:10B2A000034694422EDB4CF25031C0F3C75C8C4213
:10B2B0000246ACF1190C11DD18461B4961F31E0062
:10B2C000F5F734F810BD0146F4F728FF10BD7047BC
:10B2D0004CF250318C424FEADC5CEDDC04EB0C01AB
:10B2E000FE29E9DC002911DC11F1170F13DB01F154
:10B2F000190022F0FF424FF04C5142EAC050F5F7DE
:10B3000015F810BD0949F5F711F810BD22F0FF42FC
:10B3100042EAC15010BD1846044961F31E00F5F71A
:10B3200005F810BDB03CFFFFCAF249716042A20DA2
:10B3300010B582B00446019100F050FC034620464F
:10B340000199196002B010BD08B540B101F100408B
:10B35000F4F7ECFFBDE808402221FFF7E9BF0846FB
:10B36000F4F7E4FFBDE808402221FFF7E1BF00BF8A
:10B370004FF08051FFF7E8BF4FF0E041FFF7E4BF27
:10B380002DE9F04F1C46DDB007930991AB4B669950
:10B39000804653F821A0631E111D0B920193C0F249
:10B3A000AF82D31E48BF131DDB1006930133DB00B1
:10B3B0000A93DDE90A239A1A019B1AEB03071CD4AE
:10B3C000069B019901375D1A00249346DDF89C9194
:10B3D0002F4420AE08E059F82500F4F753FF01355B
:10B3E000BD4246F8040B07D0002DF4DA20460135A3
:10B3F000BD4246F8040BF7D15A46BAF1000FC0F22D
:10B400004A83019B00219B4607980DF1800909EBB7
:10B41000800948AF85000AEB000C002B0BDA0BF11A
:10B42000010BE34547F8041B09F10409F5D1A8F124
:10B430000403029326E0A8F10403CDF800A0E0463F
:10B44000DA4602935E19039204954D460024DDF816
:10B4500008B055F8041D5BF8040FF4F767FF0146C8
:10B460002046F4F75BFEB3450446F2D10AF1010A27
:10B47000C24547F8040B09F10409E6D1DDE90325CB
:10B48000DDF800A0029B0BA800EB8A000CA9D146B6
:10B49000CDE903A21D44089001EB8A0A0DEB890354
:10B4A000D3F820B1B9F1000F4FEA8903009322DDF0
:10B4B0000DF590780CAE08EB03044FF06E51584632
:10B4C000F4F734FFF5F70EF9F4F7DCFE4FF087419F
:10B4D0000746F4F72BFF01465846F4F71DFEF5F733
:10B4E00001F954F8041D46F8040B3846F4F716FE2B
:10B4F00044458346E1D1DDF8108058464146FFF7C8
:10B50000BDFE4FF078510446F4F710FF00F0E6FA64
:10B510004FF08241F4F70AFF01462046F4F7FCFDA4
:10B520000446F5F7DFF80646F4F7ACFE0146204680
:10B53000F4F7F2FDB8F1000F074640F3818009F1FE
:10B54000FF320CAB53F82230C8F1080043FA00F187
:10B5500001FA00F01B1AC8F1070843FA08F80E4474
:10B56000B8F1000F0CA941F8223000F3338100211B
:10B570003846F5F76FF8002872D0039B99450CDD2B
:10B580000022009B30336B4453F8041D534542EABC
:10B590000102F9D1002A40F08181039B0CAA013BF2
:10B5A00052F8233009F10107002B40F07581012387
:10B5B000089A52F8041D01330029FAD009EB03025E
:10B5C000069B20AE03EB0901079B67984B4406EBF3
:10B5D0008306009B0DF5907800EB8109984400925A
:10B5E000CDF814A059F8040FF4F74CFE019B46F86F
:10B5F000040B002B1ADBB2460024DDF808B05AF821
:10B60000041D5BF8040FF4F791FE01462046F4F7A1
:10B6100085FDAB450446F2D1009B01379F4248F8B7
:10B62000044FDFDD9946DDF814A037E70024009BC6
:10B6300001379F4248F8044FD4DDF3E7E0C7000824
:10B6400000F00F814FF07C51F5F722F8002840F010
:10B650004581804600213846F4F7FCFF00288CD154
:10B66000DDE903A238460092DDE90A32991ACDF8E5
:10B670000490FFF703FE4FF087410446F5F708F802
:10B68000DDE90023CDE90032002800F0C8814FF049
:10B690006E512046F4F74AFEF5F724F8F4F7F2FD70
:10B6A0004FF087410546F4F741FE01462046F4F786
:10B6B00033FDF5F717F8009B0CAA42F82300019A16
:10B6C000284608325F1C0092F5F70CF80CAB009A84
:10B6D00043F8270011464FF07E50FFF7CFFD002FB3
:10B6E0008346C0F2CB814FF06E590DAB49ACB90027
:10B6F00003EB870504EB8704009155F8040DF4F77C
:10B70000C1FD5946F4F712FE02464946584644F830
:10B71000042DF4F70BFE0CAB9D428346EDD100994E
:10B7200047AABAF1000F0196CDF808804FF0000645
:10B730000DF1D00902EB01080097039121DB474688
:10B7400000240025DFF81CB20DE057F8041F5BF859
:10B75000040BF4F7EBFD01462046F4F7DFFC01355E
:10B76000AA45044601DBB542EFDD009B49F8044BD6
:10B770009E42A8F104080CD0BAF1000F06F10106B0
:10B78000DDDA0024009B49F8044B9E42A8F104082E
:10B79000F2D1DDE90168669B009F022B039900F35B
:10B7A000E380002B00F3B1800FD1002035AC0C44B6
:10B7B00054F8041DF4F7B2FC34ABA342F8D1B8F14D
:10B7C000000F40F04C81099B186006F007005DB047
:10B7D000BDE8F08FB9F1000F06F1010640F3428198
:10B7E00000210CAB53F8044B002C36D0C4F5807408
:10B7F00043F8044C04E01A68C2F1FF0243F8042B3A
:10B8000001318945F7DC0124049B002B0DDD012B60
:10B8100059D0022B09D109F1FF320CAB53F8223079
:10B820000CA903F03F0341F82230B8F1020F7FF476
:10B830009EAE39464FF07E50F4F76EFC0746002C62
:10B840003FF495AE04994FF07E50FFF717FD014687
:10B850003846F4F761FC074689E601314945C1DB0A
:10B86000D2E709F1FF330CAA52F823304FEAE3186C
:10B87000B8F1000F7FF77BAEB9F1000F06F10106BA
:10B88000AEDCB8F1020F7FF472AE39464FF07E5055
:10B89000F4F742FC07466AE63A4691E609F1FF37BB
:10B8A0000CAB53F82730DDE903A2083A002B7FF4F4
:10B8B00011AF009B0BA90B4453F8041D013F083A3C
:10B8C0000029F9D006E709F1FF320CAB53F822301A
:10B8D0000CA903F07F0341F82230A6E7B9F1000F6D
:10B8E000C8BF4FF0020806F101063FF779AF3946AD
:10B8F0004FF07E50F4F710FC4FF00208074636E692
:10B9000008230A930023069353E5002035ACDDF8A5
:10B91000D0A00C4454F8041DF4F700FC34ABA3424F
:10B92000F8D105465046B8F1000F40F08D80294609
:10B93000F4F7F2FB099B1D6067B1012554F8041F61
:10B940000135F4F7EBFBAF42F8DAB8F1000F01D0A4
:10B9500000F10040099B586006F007005DB0BDE8AB
:10B96000F08F00BFB4C70008669B032B7FF42DAF98
:10B97000002F00F0A48034AB03EB010B5D46894639
:10B9800034AA5458009655F8046C20463146F4F712
:10B99000C5FBA246044630462146F4F7BDFB51469E
:10B9A000F4F7BCFBAA46286045F8044C34AB043DD0
:10B9B000AB42E8D1012F009E00F081804F4653F842
:10B9C00009405BF8049C20464946F4F7A7FB25464E
:10B9D000044648462146F4F79FFB2946F4F79EFBB0
:10B9E000CBF800004BF8044DDA45EAD100200AEB11
:10B9F00007050AF1040A55F8041DF4F78FFBAA4560
:10BA0000F9D1349A359BB8F1000F12D109990A6027
:10BA10004B60886006F007005DB0BDE8F08F2046FF
:10BA2000F4F760FE009B0CAA42F823001F46019A1F
:10BA300050E6099902F1004203F1004300F1004091
:10BA40000A604B608860E5E7099A05F100432946E2
:10BA50001360F4F761FB002F7FF46FAF78E700F11C
:10BA60000040B0E6049901291BD002297FF409AFF8
:10BA700003F03F030CA941F8223002E7669B022B3A
:10BA800019DC002B1DDC7FF4A0AE0020B8F1000F04
:10BA90003FF499AEE3E7A8F104030293079B9D00EE
:10BAA000F0E403F07F030CA9B8F1020F41F8223053
:10BAB0007FF45DADE9E6669B032B7FF486AE002044
:10BAC0009FE73498B8F1000F04D04FF00043099A73
:10BAD00013603DE70023099A13603BE730B5C0F3DC
:10BAE000C7527F3A162A0346044683B01CDC002A5C
:10BAF00027DB204941FA02F528421AD01E4900905E
:10BB00000192F4F70BFB0021F4F7CCFD38B34FF4AE
:10BB10000000019A1041204434EA240328BF034660
:10BB200023EA050003B030BD20F00042B2F1FF4F20
:10BB300002D2184603B030BD0146F4F7EFFA03B065
:10BB400030BD0D490090F4F7E9FA0021F4F7AAFDA1
:10BB500018B1002C05DB0020ECE72046EAE700984E
:10BB6000E8E724F0004313B94FF00040E2E7034850
:10BB7000E0E700BFFFFF7F00CAF24971000080BF0D
:10BB800003460244934200D1704703F8011BF9E7D2
:10BB900010B56AB101398418027811F8013F9A4250
:10BBA00004D10130A04201D0002AF5D1D01A10BD35
:10BBB0001046FCE7034610B5013932B111F8014FC8
:10BBC000013A03F8014B002CF7D100211A449342AB
:10BBD00000D110BD03F8011BF9E70000014B186804
:10BBE000704700BF8001002070B500260C4C0D4B43
:10BBF0001D1BB6EBA50F09D1002600F027F80A4C53
:10BC00000A4B1D1BB6EBA50F05D170BD54F8043BC4
:10BC100098470136EDE754F8043B98470136F1E7C1
:10BC2000F4C70008F4C70008F4C70008F8C7000804
:10BC30000A44914200F1FF3300D1704710B511F86A
:10BC4000014B914203F8014FF9D110BDF8B500BF87
:10BC5000F8BC08BC9E467047F8B500BFF8BC08BCED
:04BC60009E46704745
:10BC64007371727400000000496E74656772616CD0
:10BC740000000000444547005241440043616C63A6
:10BC8400205265616479000073696E00636F73000C
:10BC940074616E006C6F67006C6E0000536F6C769D
:10BCA40065206D6F646500002E0000004E614E003B
:10BCB400496E66002D496E66000000002D000000EC
:10BCC4002B000000690000006E6F20726F6F74001B
:10BCD40073796E746178206572720000646F6D61AF
:10BCE400696E2065727200006572726F72000000E6
:10BCF400646976206279203000000000436F6D5340
:10BD0400656E2043616C6300646973706C61795182
:10BD1400756575650000000063616C635175657538
:10BD2400650000006B65795175657565000000005C
:10BD3400636F6E74726F6C6C65725461736B000028
:10BD440063616C63756C61746F725461736B000032
:10BD54006C63645461736B004B65795461736B005D
:10BD640064656661756C745461736B0049444C4539
:10BD740000000000546D725100000000546D7220E8
:10BD84005376630053544D3332205669727475618F
:10BD94006C20436F6D506F727400000053544D69F2
:10BDA40063726F656C656374726F6E6963730000B0
:10BDB40043444320436F6E66696700004344432055
:10BDC400496E746572666163650000000CBD00080D
:10BDD40000000000E00600205000000030070020B2
:10BDE4004A0000001CBD0008000000007C07002081
:10BDF40050000000CC0700207800000028BD000897
:10BE040000000000440800205000000094080020B6
:10BE14000800000034BD0008000000009C08002059
:10BE24005C000000F8080020000400001800000076
:10BE3400000000000000000044BD000800000000F5
:10BE4400FC0C00205C000000580D002000080000DD
:10BE540008000000000000000000000054BD0008BD
:10BE6400000000005C1500205C000000B8150020F4
:10BE740000030000100000000000000000000000AB
:10BE84005CBD000800000000BC1800205C0000003D
:10BE94001819002000020000280000000000000023
:10BEA4000000000064BD0008000000001C1B00200E
:10BEB4005C000000781B0020000400001800000053
:10BEC400000000000000000000000000000000006E
:10BED400000000000000000000000000000000005E
:10BEE400000000000000000000000000000000004E
:10BEF40080BF0008000000007CBF000800000000B4
:10BF04000000000078BF000870BF00086CBF000884
:10BF140068BF000860BF000858BF000850BF000891
:10BF240048BF0008000000000000000000000000FE
:10BF3400000000000000000044BF000800000000F2
:10BF44004100000074616E2800000000636F7328D4
:10BF54000000000073696E280000000073717274A1
:10BF6400280000005E0000006C6E28006C6F6728DB
:10BF7400000000006500000069000000700000007F
:10BF84000000000000282900000037383900003480
:10BF940035362A2F3132332B2D302E450000000048
:10BFA4001B0F141910151A11161C17121D1813FF44
:10BFB400070B060100050A02FF0E090403080D0C15
:10BFC40000001F0A0A0A0A0000110A040A110000EC
:10BFD4000004001F000400000007040404141808EF
:10BFE400040E150404040400001B0A04040A1B00C4
:10BFF4000000000001020304000000000000000033
:10C0040001020304060708090102000002030405F3
:10C01400060708090A0B0C0D0E0F10101E00000075
:10C02400000E0000000000000000000000000000FE
:10C0340000000000000000000000001E01000000DD
:10C0440015000000000000000000000000000000D7
:10C05400000000000000000000001E0000000008B6
:10C0640000000000050000000000000000000000C7
:10C074000000000000000000001E0000000013008B
:10C0840000000000000000000000000000000000AC
:10C0940000000000000000001E000000000D000071
:10C0A400000000000000000000000000000000008C
:10C0B400000000000000001E000000001900000045
:10C0C400000000000000000000000000000000006C
:10C0D4000000000000001E0000000010000000002E
:10C0E400000000000000000000000000000000004C
:10C0F40000000000000A000000041E000000000010
:10C10400000000000000000000000000000000012A
:10C11400000000001E0000000019010000000000E3
:10C12400000000000000000000000000000001000A
:10C134000000001E000000000600000000000000D7
:10C1440000000000000000000000000000000000EB
:10C1540000001E01000000000000000000000000BC
:10C164000000000000000000000000001A1400009D
:10C17400001E00000000000000000000000000009D
:10C1840000000000000000000000000000000000AB
:10C194001E1300000000000000000000000000006A
:10C1A40000000000000000000000010000001C1E50
:10C1B400000000000000000000000000000000007B
:10C1C40000000000000000000000000000001E004D
:10C1D400000000000000000000000000000000005B
:10C1E400000000000000000001000000001E00002C
:10C1F4000000070000000000000000000000000034
:10C204000000000000000000000000001E0000000C
:10C21400001C0000000000000000000000000000FE
:10C2240000000000000000000000001E00000000EC
:10C2340011000000000000000000000000000000E9
:10C24400000000000000000000001E0000000013B9
:10C2540000000000000000000000000000000000DA
:10C264000000000000000000001E000000000000AC
:10C2740000000000000000000000000000000100B9
:10C2840000000012000000001E000000000000007A
:10C29400000000000000000000000000000000009A
:10C2A400000015000000001E000000000000000057
:10C2B400000000000000000000000000000000007A
:10C2C4000006000000001E00000000000000000046
:10C2D400000000000000000000000000000000005A
:10C2E4001A000000001E0000000010000000000002
:10C2F4000000000000000000000000000000000436
:10C30400000000001E00000000000000000000000B
:10C3140000000000000000000000110000001A04EA
:10C324000000001E000000000000000000000000EB
:10C3340000000000000000000006000000140000DF
:10C3440000001E00000000000000000000000000CB
:10C3540000000000000000000000000016000000C3
:10C3640000140000000000000000000000000000B5
:10C3740000000000000004000000001A000000009B
:10C384001E0000000000000000000000000000008B
:10C394000000000000000000000000000000001E7B
:10C3A400504037302B2723201D1B1917151312104B
:10C3B4000F0D0C0B0A09080706050403020201000D
:10C3C4006042A20D0000803F00000080DB0F494066
:10C3D400DB0F49C0DB0F49BFE4CB1640E4CB16C0EA
:10C3E400D1F71737D1F717B78071313F807131BF5B
:10C3F4000000003F000000BF000FC93F000F49408C
:10C4040000CB9640000FC9400053FB4000CB1641BF
:10C4140000ED2F41000F49410031624100537B413F
:10C42400003A8A4100CB9641005CA34100EDAF4144
:10C43400007EBC41000FC94100A0D5410031E2415A
:10C4440000C2EE410053FB4100F20342003A0A42AB
:10C454000083104200CB164200141D42005C2342AC
:10C4640000A5294200ED2F4200363642007E3C42B0
:10C4740000C74242000F4942A2000000F900000038
:10C48400830000006E0000004E0000004400000025
:10C494001500000029000000FC0000002700000037
:10C4A40057000000D1000000F50000003400000037
:10C4B400DD000000C0000000DB000000620000009E
:10C4C40095000000990000003C00000043000000BB
:10C4D4009000000041000000FE0000005100000038
:10C4E40063000000AB000000DE000000BB000000A1
:10C4F400C500000061000000B70000002400000037
:10C504006E0000003A000000420000004D000000F0
:10C51400D2000000E0000000060000004900000016
:10C524002E000000EA00000009000000D100000015
:10C53400920000001C000000FE0000001D0000002E
:10C54400EB0000001C000000B10000002900000006
:10C55400A70000003E000000E80000008200000088
:10C5640035000000F50000002E000000BB000000B4
:10C574004400000084000000E90000009C0000006A
:10C584007000000026000000B40000005F000000FE
:10C594007E0000004100000039000000910000000E
:10C5A400D6000000390000008300000053000000A2
:10C5B40039000000F40000009C000000840000002A
:10C5C4005F0000008B000000BD000000F9000000C7
:10C5D400280000003B0000001F000000F8000000DD
:10C5E40097000000FF000000DE00000005000000CE
:10C5F400980000000F000000EF0000002F00000072
:10C60400110000008B0000005A0000000A00000026
:10C614006D0000001F0000006D00000036000000E7
:10C624007E000000CF00000027000000CB000000C7
:10C6340009000000B70000004F00000046000000A1
:10C644003F000000660000009E0000005F00000044
:10C65400EA0000002D000000750000002700000023
:10C66400BA000000C7000000EB000000E500000075
:10C67400F10000007B0000003D0000000700000006
:10C6840039000000F70000008A000000520000009A
:10C6940092000000EA0000006B000000FB000000B4
:10C6A4005F000000B10000001F0000008D000000CA
:10C6B4005D000000080000005600000003000000B8
:10C6C4003000000046000000FC0000007B00000079
:10C6D4006B000000AB000000F0000000CF00000081
:10C6E400BC000000200000009A000000F4000000DC
:10C6F400360000001D000000A9000000E300000057
:10C7040091000000610000005E000000E6000000EF
:10C714001B000000080000006500000099000000F4
:10C72400850000005F00000014000000A00000006D
:10C7340068000000400000008D000000FF000000C1
:10C74400D8000000800000004D00000073000000CD
:10C754002700000031000000060000000600000071
:10C764001500000056000000CA000000730000001D
:10C77400A8000000C900000060000000E200000002
:10C784007B000000C00000008C0000006B00000073
:10C794006937AC3168212233B40F14336821A233D2
:10C7A4003863ED3EDA0F493F5E987B3FDA0FC93FAD
:10C7B4000000C93F0000F0390000DA370000A2335E
:10C7C4000000842E0000502B0000C2270000D0225D
:10C7D4000000C41F0000C61B000044170400000032
:08C7E40007000000090000003D
:08C7EC00843FFF7F0100000003
:04C7F400E907000849
:04C7F800C10700086D
:10C7FC0000127A000100000010000000090743003D
:10C80C00020104C0320904000001020201000524E7
:10C81C000010010524010001042402020524060075
:10C82C00010705820308001009040100020A000038
:10C83C0000070501024000000705810240000000CE
:10C84C0009024300020100C0320904000001020287
:10C85C00010005240010010524010001042402023A
:10C86C0005240600010705820308001009040100D5
:10C87C00020A0000000705010240000007058102C2
:10C88C004000000009024300020100C0320904000C
:10C89C000001020201000524001001052401000121
:10C8AC000424020205240600010705820308001077
:10C8BC0009040100020A0000000705010200020041
:10C8CC00070581020002000033670008F1660008CA
:10C8DC0013660008000000003B650008C3650008F3
:10C8EC00956500080000000000000000000000003A
:10C8FC0071650008656500087D650008896500089C
:10C90C000A0600020000004001000000AAAAAAAA20
:10C91C00B99100088B9100088F910008959100083F
:10C92C001A030000000000000000000000000000DE
:10C93C0000000000000000000000000004030904D7
:10C94C00120100020202004083044057000201025F
:10C95C0003010000E1910008ED910008AD92000880
:10C96C008992000875920008C9920008ED9200089F
:10C97C00840100200000000060380020C83800202E
:10C98C003039002000000000000000000000000012
:10C99C00000000000000000000000000000000008B
:10C9AC00000000000000000000000000000000007B
:10C9BC00000000000000000000000000000000006B
:04000005080091411D
:00000001FF
